Nombre de Empresa / Razón Social,Municipio / Delegación,Teléfono,Actividad Empresarial o Profesional,Tamaño de Empresa
Boutique Wapa,Santa Catarina,8110076733,Venta de Ropa,C
Accesorios Lentes Moños,General Escobedo,8110109413,Venta de Ropa,C
Shek Unique Women,San Nicolás De Los Garza,8110156387,Venta de Ropa,C
Ted Baker,San Pedro Garza García,8110156524,Venta de Ropa,C
"Accesorios R S,Tienda De Ropa",San Pedro Garza García,8110180301,Venta de Ropa,C
Venta   De Ropa Americana Sandy,Cadereyta Jiménez,8110226398,Venta de Ropa,C
Bliss,Monterrey,8110236602,Venta de Ropa,C
Woodstock Gift Shop,Monterrey,8110242020,Venta de Ropa,C
Boutique Miriga,Guadalupe,8110268235,Venta de Ropa,C
Fashion Boutique,San Nicolás De Los Garza,8110276633,Venta de Ropa,C
Tienda De Bolasa Y Accesorios Para Dama A Y K Bolsas,Monterrey,8110284242,Venta de Ropa,C
El Caracol,Santiago,8110288887,Venta de Ropa,C
Tere Boutique,General Escobedo,8110310138,Venta de Ropa,C
Street Silver,Monterrey,8110311760,Venta de Ropa,B
Venta De Ropa Nueva,Guadalupe,8110325908,Venta de Ropa,C
De Todo Un Poco,Guadalupe,8110331448,Venta de Ropa,C
Butique Y Regalos Mia,Apodaca,8110336050,Venta de Ropa,C
Luxor Digital,Guadalupe,8110340141,Venta de Ropa,C
The Black Butterfly Chop,Monterrey,8110349732,Venta de Ropa,C
Veintiuno Boutique,Monterrey,8110452704,Venta de Ropa,C
"Comercio Al Por Menor De Ropa, Excepto De Bebé Y Lencería",San Pedro Garza García,8110520487,Venta de Ropa,C
Marlu,Monterrey,8110523935,Venta de Ropa,C
Tommy Hilfiger Outlet Monterrey,General Escobedo,8110589176,Venta de Ropa,A
"Comercio Al Por Menor De Ropa, Excepto De Bebé Y Lencería",Apodaca,8110661229,Venta de Ropa,C
Novedades Y Accesorios Mia,San Nicolás De Los Garza,8110693175,Venta de Ropa,C
Union De Artesanos De Nuevo Leon,Monterrey,8110721960,Venta de Ropa,C
Venta Por Internet,Santa Catarina,8110723065,Venta de Ropa,C
Paranoia,Monterrey,8110733637,Venta de Ropa,C
Kiut Kids,Monterrey,8110750357,Venta de Ropa,C
Sigue Uniformes,Monterrey,8110776911,Venta de Ropa,C
El Regreso,Monterrey,8110789444,Venta de Ropa,C
Fashion Girl,Guadalupe,8110801732,Venta de Ropa,C
Jacob,San Pedro Garza García,8110801950,Venta de Ropa,C
Bonetera Monterrey,Monterrey,8110882623,Venta de Ropa,C
Liz Minelli,Apodaca,8110900100,Venta de Ropa,C
Bolsas Fashion La Rosa,Apodaca,8110900123,Venta de Ropa,C
Tutti Jeans,Apodaca,8110900569,Venta de Ropa,C
Maria Luisa Collection,Apodaca,8110900595,Venta de Ropa,C
Lexmi Boutique Caballero,San Nicolás De Los Garza,8110908052,Venta de Ropa,C
Marco Viali,San Nicolás De Los Garza,8110908172,Venta de Ropa,B
Moss- Online,San Nicolás De Los Garza,8110908320,Venta de Ropa,C
Rv Janess,Monterrey,8110914253,Venta de Ropa,C
Novades Axel,Guadalupe,8110920065,Venta de Ropa,C
Max Rebo,Guadalupe,8110937245,Venta de Ropa,C
Nine West,San Pedro Garza García,8110950488,Venta de Ropa,C
Loretta Boutique,Monterrey,8110950650,Venta de Ropa,C
Eme Style,Monterrey,8110951096,Venta de Ropa,C
Comic,Monterrey,8110951514,Venta de Ropa,C
Piny Bory Moda Infantil,Monterrey,8110951525,Venta de Ropa,C
Zara,Monterrey,8110952800,Venta de Ropa,B
Massimo Dutti,Monterrey,8110952810,Venta de Ropa,A
Julio Plaza Cumbres Monterrey,Monterrey,8110952826,Venta de Ropa,C
Colorspot,Monterrey,8110970649,Venta de Ropa,C
Steven Fashion,Monterrey,8110995008,Venta de Ropa,B
Alabina,Monterrey,8111000023,Venta de Ropa,C
Express Textiles Y Promocionales,Monterrey,8111000068,Venta de Ropa,C
Bielayanoch,Monterrey,8111000128,Venta de Ropa,C
One,Monterrey,8111000150,Venta de Ropa,C
Grupo Imasu Sa De Cv,Monterrey,8111000813,Venta de Ropa,C
"Huso De Plata, S.A. De C.V.",Monterrey,8111002499,Venta de Ropa,C
Fresh,Monterrey,8111002777,Venta de Ropa,C
Boutique Planet Girl,San Nicolás De Los Garza,8111030250,Venta de Ropa,C
Ropa Y Novedades,Monterrey,8111154918,Venta de Ropa,C
Alfredo Ropa Para Hombre,Cadereyta Jiménez,8111172199,Venta de Ropa,C
Bree Shop,San Nicolás De Los Garza,8111190796,Venta de Ropa,C
Atrevida,Monterrey,8111193037,Venta de Ropa,C
Mia,Monterrey,8111246110,Venta de Ropa,C
Loveme,Santiago,8111283741,Venta de Ropa,C
V&G Industrial Supplies De México,Monterrey,8111339749,Venta de Ropa,C
Mgx Boutique De Caballero,Monterrey,8111552812,Venta de Ropa,C
Fershi Boutique,Apodaca,8111557832,Venta de Ropa,C
Venta De Ropa,Monterrey,8111559635,Venta de Ropa,C
Regalos Y Ropa Mary,San Nicolás De Los Garza,8111610747,Venta de Ropa,C
Moda Infantil,Apodaca,8111623649,Venta de Ropa,C
"Comercio Al Por Menor De Ropa, Excepto De Bebé Y Lencería",Monterrey,8111670326,Venta de Ropa,C
Boutique Karina,Monterrey,8111671793,Venta de Ropa,C
Liz Minelli,Monterrey,8111675139,Venta de Ropa,C
Lady Boutique,Monterrey,8111676072,Venta de Ropa,C
Gabbs,Monterrey,8111680818,Venta de Ropa,C
Diva,Monterrey,8111682954,Venta de Ropa,C
Grill Ups,Monterrey,8111742494,Venta de Ropa,C
Boutique Ofelia,Apodaca,8111834150,Venta de Ropa,C
Tienda De Ropa Madelu,Mina,8111974317,Venta de Ropa,C
Dolly Lovely Venta De Ropa Para Bebe,San Nicolás De Los Garza,8111983781,Venta de Ropa,C
Boutique De Ropa Y Accesorios,San Pedro Garza García,8112074792,Venta de Ropa,C
Mambo,Juárez,8112097860,Venta de Ropa,C
Yadira Y Elizabeth Boutique,Monterrey,8112127479,Venta de Ropa,C
Novedades Samy,Pesquería,8112151704,Venta de Ropa,C
Butique 3D,Monterrey,8112166905,Venta de Ropa,C
Boutique,Guadalupe,8112257799,Venta de Ropa,C
Boutique Diva,Santa Catarina,8112284514,Venta de Ropa,C
Bordados Cores,San Nicolás De Los Garza,8112287586,Venta de Ropa,C
Perfect Outfit,San Nicolás De Los Garza,8112310465,Venta de Ropa,C
Yorte,Monterrey,8112341002,Venta de Ropa,B
Gildan Playera,Monterrey,8112345140,Venta de Ropa,B
Local Venta De Ropa Para Caballero Y Accesorios,Monterrey,8112367045,Venta de Ropa,C
Wear It Venta De Ropa Y Accesorios,San Nicolás De Los Garza,8112376648,Venta de Ropa,C
Porto Blanco,Monterrey,8112392443,Venta de Ropa,C
Venta De Ropa Nueva De Mujer,General Zuazua,8112396711,Venta de Ropa,C
Venta De Ropa Y Zapatos,Ciénega De Flores,8112455970,Venta de Ropa,C
Soco Elegance,Monterrey,8112461770,Venta de Ropa,C
Itzel Co Boutique,Monterrey,8112462299,Venta de Ropa,C
Michel M B Venta De Ropa,San Nicolás De Los Garza,8112518078,Venta de Ropa,C
Boutique Miyrza,Apodaca,8112541903,Venta de Ropa,C
Boutique Diana,Apodaca,8112557549,Venta de Ropa,C
Pingos,Monterrey,8112561326,Venta de Ropa,C
"Comercio Al Por Menor De Ropa, Excepto De Bebé Y Lencería",Monterrey,8112580712,Venta de Ropa,C
Novedades Las Yoyis,Monterrey,8112794747,Venta de Ropa,C
Infantiles Dany,Guadalupe,8112866973,Venta de Ropa,C
Bellas Boutique,Santa Catarina,8112870393,Venta de Ropa,C
Mens Factory Monterrey La Fe,San Nicolás De Los Garza,8112975729,Venta de Ropa,C
American Eagle Paseo La Fe ,San Nicolás De Los Garza,8112975782,Venta de Ropa,B
Venta De Playeras,Monterrey,8113000816,Venta de Ropa,C
Ropa Y Calzado Para Toda La Familia,General Escobedo,8113006315,Venta de Ropa,C
Benetton Mexicana Sa De Cv,Monterrey,8113062648,Venta de Ropa,C
Vittorio Forti Plaza Cumbre Monterrey,Monterrey,8113065399,Venta de Ropa,A
El Closet De Paula,Monterrey,8113066886,Venta de Ropa,C
Mamita Linda,Monterrey,8113081070,Venta de Ropa,C
Novedades Lily,Mina,8113111085,Venta de Ropa,C
Costuras Y Servicios De Mexico,San Nicolás De Los Garza,8113120275,Venta de Ropa,C
Venta De Ropa,General Zuazua,8113136094,Venta de Ropa,C
Tienda De Ropa Viernes,Apodaca,8113223710,Venta de Ropa,C
Lety Kids,Monterrey,8113400527,Venta de Ropa,C
Naomi Boutique,San Nicolás De Los Garza,8113441260,Venta de Ropa,C
Hanna Show Room,San Nicolás De Los Garza,8113470702,Venta de Ropa,C
Local De Ropa,Monterrey,8113514536,Venta de Ropa,C
Moda Carolina,San Nicolás De Los Garza,8113516781,Venta de Ropa,C
Botike Nancy Love,San Nicolás De Los Garza,8113519187,Venta de Ropa,C
Urbana Boutique,Monterrey,8113523341,Venta de Ropa,C
Danielas,Monterrey,8113525350,Venta de Ropa,C
Nueva Italia Uniformes De Futbol,Monterrey,8113528421,Venta de Ropa,C
Malandro,Monterrey,8113574972,Venta de Ropa,C
Obag,San Pedro Garza García,8113594389,Venta de Ropa,C
Tommy Hilfiger San Agustin Monterrey,San Pedro Garza García,8113632847,Venta de Ropa,A
Airman,Monterrey,8113650399,Venta de Ropa,C
New New,San Pedro Garza García,8113651636,Venta de Ropa,C
Comercializadora Evantti,Monterrey,8113655257,Venta de Ropa,C
La Cost Ropa Para Dama Y Caballero,San Pedro Garza García,8113665702,Venta de Ropa,C
Lila Coco Boutique,San Pedro Garza García,8113665977,Venta de Ropa,C
Ropa Casual  Goveas Store,San Nicolás De Los Garza,8113674054,Venta de Ropa,C
Tommy Hilfiger Fiesta Anahuac Monterrey,San Nicolás De Los Garza,8113684684,Venta de Ropa,A
Mm Chivanafashion,San Pedro Garza García,8113706415,Venta de Ropa,C
Boutique Tutu,San Nicolás De Los Garza,8113709340,Venta de Ropa,C
Venta De Ropa Y Accesorios,Juárez,8113721108,Venta de Ropa,C
Venta De Vestidos,Monterrey,8113722232,Venta de Ropa,C
To My Love Boutique,Apodaca,8113827632,Venta de Ropa,C
24 16 Shop,Cadereyta Jiménez,8113839004,Venta de Ropa,C
Tienda De Ropa,Monterrey,8113842849,Venta de Ropa,C
Luna Y Canela,Monterrey,8113965479,Venta de Ropa,C
Valerie Boutique,Monterrey,8114080510,Venta de Ropa,C
La Coste,San Pedro Garza García,8114118045,Venta de Ropa,C
Amador S,Santa Catarina,8114120485,Venta de Ropa,C
Fashion Sanchez Boutique,Monterrey,8114172502,Venta de Ropa,C
Ross Diseños,Monterrey,8114257427,Venta de Ropa,C
Bruno Corza    Sucursal Monterey Galerias,Monterrey,8114530187,Venta de Ropa,C
Tommy Hilfiger Galeria Monterrey,Monterrey,8114530637,Venta de Ropa,A
Tt Blues Store,Monterrey,8114560550,Venta de Ropa,B
Venta De Ropa Para Dama,San Nicolás De Los Garza,8114697879,Venta de Ropa,C
Tienda De Ropa Kueros,Monterrey,8114766418,Venta de Ropa,C
Queens Fashion,Monterrey,8114770698,Venta de Ropa,C
Urbana Boutique,San Pedro Garza García,8114774491,Venta de Ropa,C
Ashley Boutique,Apodaca,8114810928,Venta de Ropa,C
Mely´S Renta De Vestidos,Monterrey,8114924203,Venta de Ropa,C
Cheny Blosom,San Pedro Garza García,8114924360,Venta de Ropa,C
"Comercio Al Por Menor De Ropa, Excepto De Bebé Y Lencería",San Nicolás De Los Garza,8114930186,Venta de Ropa,C
Comercializadora 3G,Apodaca,8114930652,Venta de Ropa,C
Boutique Angie,General Escobedo,8114989352,Venta de Ropa,C
Venta De Ropa Para Dama L-217,Monterrey,8115020219,Venta de Ropa,C
"Comercio Al Por Menor De Ropa, Excepto De Bebé Y Lencería",Monterrey,8115028691,Venta de Ropa,C
"Comercio Al Por Menor De Ropa, Excepto De Bebé Y Lencería",Juárez,8115030140,Venta de Ropa,C
Composturas Y Ajustes,Guadalupe,8115051724,Venta de Ropa,C
Venta De Ropa,Guadalupe,8115056758,Venta de Ropa,C
Novedades Ropa Y Calzado Cuevas,Monterrey,8115062220,Venta de Ropa,C
De Todo Un Poco,Santa Catarina,8115071282,Venta de Ropa,C
Venta De Ropa,Apodaca,8115096730,Venta de Ropa,C
La Nueva Italia,Monterrey,8115114286,Venta de Ropa,C
El Gusanito,Apodaca,8115117425,Venta de Ropa,C
Venta De Ropa Para Dama,Monterrey,8115123028,Venta de Ropa,C
Guillen Pieles,Monterrey,8115179627,Venta de Ropa,C
"Comercio Al Por Menor De Ropa, Excepto De Bebé Y Lencería",Monterrey,8115226842,Venta de Ropa,C
Rosa Rossa(Tienda De Ropa),San Pedro Garza García,8115229228,Venta de Ropa,C
Cudet,Monterrey,8115248508,Venta de Ropa,C
Marthy Gzz Boutique Y Mas,Ciénega De Flores,8115250573,Venta de Ropa,C
Match,San Nicolás De Los Garza,8115259349,Venta de Ropa,C
Depotrega Deposito,San Pedro Garza García,8115266743,Venta de Ropa,C
Tps,San Nicolás De Los Garza,8115293101,Venta de Ropa,C
Boutique Cleeks,San Nicolás De Los Garza,8115365889,Venta de Ropa,C
Ofertas Permanentes Tienda Departamental,Monterrey,8115388708,Venta de Ropa,B
Nina Bonita,Guadalupe,8115397044,Venta de Ropa,C
Novedades Casa Silvia,Guadalupe,8115554407,Venta de Ropa,C
Sexy Velvet Room,Monterrey,8115558307,Venta de Ropa,C
Tienda De Ropa Para Dama,Monterrey,8115616094,Venta de Ropa,C
Ropa Y Calzado Para Toda La Familia La Favaborita,General Escobedo,8115671052,Venta de Ropa,C
Topia,Apodaca,8115687930,Venta de Ropa,C
Boutique Marisol,Monterrey,8115731293,Venta de Ropa,C
Diva,Monterrey,8115785840,Venta de Ropa,C
Venta De Ropa,Santa Catarina,8115800209,Venta de Ropa,C
Monkey Smoke,Apodaca,8115810043,Venta de Ropa,C
Blue Colash,Apodaca,8115810533,Venta de Ropa,C
Tags,Apodaca,8115810561,Venta de Ropa,C
Metroparck Venta De Ropa,Apodaca,8115810581,Venta de Ropa,C
Boutique R&R,Guadalupe,8115871575,Venta de Ropa,C
Boutique Mary Paz,Monterrey,8115919608,Venta de Ropa,C
Kansas Jeans,Monterrey,8115957473,Venta de Ropa,C
Boutique Ego,Guadalupe,8116005837,Venta de Ropa,C
Babykeep,Guadalupe,8116021207,Venta de Ropa,C
Botique Marian,Ciénega De Flores,8116021459,Venta de Ropa,C
Venta De Ropa De Dama,General Zuazua,8116030674,Venta de Ropa,C
Tienda De Ropa Villanuva,Aramberri,8116046997,Venta de Ropa,C
Mia Boutique,Monterrey,8116048948,Venta de Ropa,C
Rods And Classics,Monterrey,8116064705,Venta de Ropa,C
Lizfer Boutique,San Nicolás De Los Garza,8116089931,Venta de Ropa,C
Laxim-Jeans,Monterrey,8116115340,Venta de Ropa,C
Venta De Accesorios Y Ropa,Apodaca,8116117615,Venta de Ropa,C
Musa Blusas Y Mas,Monterrey,8116199044,Venta de Ropa,C
Butique Y Regalos Julissa,Montemorelos,8116238441,Venta de Ropa,C
Boutique Victoria,Monterrey,8116273159,Venta de Ropa,C
Black Out,San Nicolás De Los Garza,8116282067,Venta de Ropa,C
Bless Blues,San Nicolás De Los Garza,8116346606,Venta de Ropa,C
Boutique,General Escobedo,8116363776,Venta de Ropa,C
Lavoro D Landia,San Pedro Garza García,8116382896,Venta de Ropa,C
Boutique Welita Nina,Guadalupe,8116451143,Venta de Ropa,C
Boutique Gael,García,8116492827,Venta de Ropa,C
Rox Fox,Apodaca,8116497151,Venta de Ropa,C
Uniformes Escolares,Apodaca,8116499462,Venta de Ropa,C
Fiusha Boutique,Apodaca,8116510675,Venta de Ropa,C
Novedades Espinosa,Monterrey,8116519715,Venta de Ropa,C
Rongoli Boutique,San Pedro Garza García,8116526644,Venta de Ropa,C
Venta De Caballero,Monterrey,8116557823,Venta de Ropa,C
Venta De Playeras Y Porta Gafetes,Monterrey,8116564808,Venta de Ropa,C
La Septima Avenida Sombreria,Apodaca,8116584798,Venta de Ropa,C
Tienda De Ropa - Novedades Tere,Guadalupe,8116601640,Venta de Ropa,C
Fashion Bag,Apodaca,8116607099,Venta de Ropa,C
Calvin Klein Outlet Monterrey,San Nicolás De Los Garza,8116607522,Venta de Ropa,A
Boutique Esther,General Zuazua,8116703750,Venta de Ropa,C
Boutique Eres,Guadalupe,8116750755,Venta de Ropa,C
Braven Store,Monterrey,8116787637,Venta de Ropa,C
Shark Boutique,Monterrey,8116824506,Venta de Ropa,C
Lilas Boutique,San Nicolás De Los Garza,8116890936,Venta de Ropa,C
Agatha,Monterrey,8116899240,Venta de Ropa,C
Seriar Arte Veneta De Ropa Y Accesorios Para Dama Y Caballero,Monterrey,8116900050,Venta de Ropa,C
Stylo Boutique,Santa Catarina,8116901435,Venta de Ropa,C
Mundo Cartoon,San Nicolás De Los Garza,8116908438,Venta de Ropa,C
De Briana Tienda De Ropa,García,8117062434,Venta de Ropa,C
Boutique Para Dama Que Chulis,San Nicolás De Los Garza,8117088904,Venta de Ropa,C
Mi Angel Ropa De Niños,General Escobedo,8117093101,Venta de Ropa,C
Butique Hairam,Apodaca,8117093279,Venta de Ropa,C
Boutique,Santiago,8117118061,Venta de Ropa,C
Boutique La Cereza,General Escobedo,8117257679,Venta de Ropa,C
Mochilas Apodaca,Apodaca,8117298733,Venta de Ropa,C
Boutique Ximena Secret,Monterrey,8117327224,Venta de Ropa,C
"Bonmoro, S.A. De C.V.   Bodega",Santa Catarina,8117336706,Venta de Ropa,C
Novedades Acuario,Monterrey,8117371773,Venta de Ropa,C
"Venta De Ropa, Excepto De Bebe Y Lencería",Monterrey,8117381270,Venta de Ropa,C
Urban,Monterrey,8117382262,Venta de Ropa,C
Moda Boutique,Monterrey,8117385044,Venta de Ropa,C
Becky Boutique,Monterrey,8117385261,Venta de Ropa,C
V.L Uniformes,Monterrey,8117387947,Venta de Ropa,C
Moda,Monterrey,8117408900,Venta de Ropa,C
Boutique Grecia,Guadalupe,8117415753,Venta de Ropa,C
Cubilet,San Nicolás De Los Garza,8117452699,Venta de Ropa,C
Regalos Y Novedades Bolsas De Alta,Monterrey,8117472730,Venta de Ropa,C
Rocco,Monterrey,8117549743,Venta de Ropa,C
Forprint,Monterrey,8117638666,Venta de Ropa,B
Venta De Ropa Para Niños Lila Limon,San Pedro Garza García,8117675222,Venta de Ropa,C
Beba Boutique,Monterrey,8117711386,Venta de Ropa,C
Mamá Bonita,Guadalupe,8117721289,Venta de Ropa,C
Karen Boutique,Juárez,8117721333,Venta de Ropa,C
El Refugio,Monterrey,8117722291,Venta de Ropa,C
New New,Monterrey,8117726957,Venta de Ropa,C
Tienda De Ropa Para Caballero,Monterrey,8117754298,Venta de Ropa,C
Rossy Boutique,Apodaca,8117755234,Venta de Ropa,C
Gallery,San Nicolás De Los Garza,8117756041,Venta de Ropa,C
Boutique Fashion,Apodaca,8117757271,Venta de Ropa,C
Boutique,Guadalupe,8117760254,Venta de Ropa,C
Mauii Boutique,Guadalupe,8117761921,Venta de Ropa,C
Heat Comercial,Monterrey,8117763158,Venta de Ropa,C
Comercio Al Por Menor De Ropa De Bebé,San Pedro Garza García,8117770432,Venta de Ropa,C
Barbara Divas,Monterrey,8117781862,Venta de Ropa,C
Barbara Divas,Apodaca,8117781863,Venta de Ropa,C
Emilio Novias,Monterrey,8117794653,Venta de Ropa,C
Boutique Mary,Guadalupe,8117797769,Venta de Ropa,C
Icony,San Pedro Garza García,8117830543,Venta de Ropa,C
Boutique Esmeralda,Santa Catarina,8117859187,Venta de Ropa,C
La Sinfonia 85,Monterrey,8117910018,Venta de Ropa,C
Bolsos Fashion,Monterrey,8117981830,Venta de Ropa,C
Ke Boutique,San Nicolás De Los Garza,8117993265,Venta de Ropa,C
Kansas Jeans,Guadalupe,8118008610,Venta de Ropa,C
Maxima,San Pedro Garza García,8118016394,Venta de Ropa,C
Empoderada Boutique,Monterrey,8118020814,Venta de Ropa,C
Blue Sky,San Nicolás De Los Garza,8118032194,Venta de Ropa,C
Novedades Dania,Monterrey,8118049493,Venta de Ropa,C
Sensacion,Monterrey,8118095344,Venta de Ropa,C
Ropa Americana Sammy,Guadalupe,8118104219,Venta de Ropa,C
Perfect Oufit,Apodaca,8118112218,Venta de Ropa,C
Tienda De Ropa Sexy,San Nicolás De Los Garza,8118115686,Venta de Ropa,C
Yalii Venta De Ropa,Monterrey,8118125507,Venta de Ropa,C
Hope´S Boutiquet,Monterrey,8118147279,Venta de Ropa,C
Studio Trendy,San Pedro Garza García,8118165145,Venta de Ropa,C
Boutique Mona Lisa,Guadalupe,8118167476,Venta de Ropa,C
Boutique Lusani Garza,Monterrey,8118215609,Venta de Ropa,C
Laxmi,Apodaca,8118225438,Venta de Ropa,C
Almacenes Roma De Leon S. A. De C. V.,Monterrey,8118333962,Venta de Ropa,C
Rossy Boutique,Apodaca,8118459298,Venta de Ropa,C
"Comercio Al Por Menor De Ropa, Excepto De Bebé Y Lencería",Monterrey,8118477328,Venta de Ropa,C
Venta De Ropa Novedades Alina,Monterrey,8118491261,Venta de Ropa,C
Melissa Boutique,Monterrey,8118731218,Venta de Ropa,C
Closet Rouse,Apodaca,8118742070,Venta de Ropa,C
Local Comercial,San Nicolás De Los Garza,8118747801,Venta de Ropa,C
Regalos Y Novedades Joselin,Apodaca,8118771672,Venta de Ropa,C
Kleid Couture,Apodaca,8118782730,Venta de Ropa,C
Camiseria Bronco,Monterrey,8118783233,Venta de Ropa,C
Tienda De Ropa,Monterrey,8118784420,Venta de Ropa,C
"Comercio Al Por Menor De Ropa, Excepto De Bebé Y Lencería",Monterrey,8118827642,Venta de Ropa,C
Tienda De Ropa Ramtor,Monterrey,8118898215,Venta de Ropa,C
Ropa Y Novedades,Monterrey,8119039560,Venta de Ropa,C
Venta De Ropa,Monterrey,8119083303,Venta de Ropa,C
Sensacion,García,8119114561,Venta de Ropa,C
Ikl Boutique,Monterrey,8119143916,Venta de Ropa,C
Blanco Purpura,San Pedro Garza García,8119177628,Venta de Ropa,C
Zafiro Hand Bags,Monterrey,8119234848,Venta de Ropa,C
Novedades Axel,Monterrey,8119252668,Venta de Ropa,C
Encanto Detalle Social,Monterrey,8119267988,Venta de Ropa,C
Niwco,Monterrey,8119276273,Venta de Ropa,C
Venta De Ropa,Monterrey,8119276520,Venta de Ropa,C
Yeshua Mayoreo,Monterrey,8119281349,Venta de Ropa,C
"Comercio Al Por Menor De Ropa, Excepto De Bebé Y Lencería",Monterrey,8119292814,Venta de Ropa,C
Boutique B & A,Santa Catarina,8119294655,Venta de Ropa,C
Vestidos Glamora,Monterrey,8119299799,Venta de Ropa,C
Boutique Joana,Santa Catarina,8119312627,Venta de Ropa,C
Peligros Nitsuga,San Pedro Garza Garcia,8119313056,Venta de Ropa,C
Cell & More,Monterrey,8119333389,Venta de Ropa,C
November,San Pedro Garza García,8119333884,Venta de Ropa,C
Coleccion One,Monterrey,8119335089,Venta de Ropa,C
Sinvaro,Monterrey,8119337769,Venta de Ropa,C
Lace And Tulle,San Pedro Garza García,8119346027,Venta de Ropa,C
New Trends In Fashion,Monterrey,8119347092,Venta de Ropa,C
"Chicflea, Boutique",San Pedro Garza García,8119362400,Venta de Ropa,C
Vero Outfiters,Monterrey,8119373027,Venta de Ropa,C
Guayaba,San Pedro Garza García,8119374032,Venta de Ropa,C
Berky Boutique,Monterrey,8119482450,Venta de Ropa,C
Via Eleganti,Monterrey,8119485615,Venta de Ropa,C
Venta De Ropa Para Dama,Apodaca,8119487563,Venta de Ropa,C
Sexy Dream,Monterrey,8119496082,Venta de Ropa,C
Novedades El Fenix,Monterrey,8119512772,Venta de Ropa,C
Venta De Ropa Lorena,General Zuazua,8119515714,Venta de Ropa,C
Ventitas Paula,Monterrey,8119521785,Venta de Ropa,C
Tu Estilo Tu Moda Boutique,San Nicolás De Los Garza,8119526384,Venta de Ropa,C
Focus Circle,Monterrey,8119552039,Venta de Ropa,C
Mx. Rent The Dress (Boutique),Monterrey,8119570800,Venta de Ropa,C
Uniformes La Silla,Monterrey,8119670078,Venta de Ropa,C
Mascara De Latex Mty,Monterrey,8119673305,Venta de Ropa,C
Boutique,Monterrey,8119673418,Venta de Ropa,C
Kipling,San Pedro Garza García,8119674004,Venta de Ropa,C
Divas Closet,Apodaca,8119676049,Venta de Ropa,C
Ole Ole,Monterrey,8119678950,Venta de Ropa,C
Baby Pony,San Nicolás De Los Garza,8119679076,Venta de Ropa,C
Mox,San Pedro Garza García,8119680113,Venta de Ropa,C
Casa Ortiz,San Nicolás De Los Garza,8119680475,Venta de Ropa,C
Hermai,San Pedro Garza García,8119680909,Venta de Ropa,C
Acid Trip,Monterrey,8119682010,Venta de Ropa,C
Betan Court,San Pedro Garza García,8119682263,Venta de Ropa,C
Boutique D Marta,Monterrey,8119682393,Venta de Ropa,C
Máscara De Latex,Monterrey,8119683363,Venta de Ropa,C
Sun Set Bouteq,Guadalupe,8119686016,Venta de Ropa,C
Acapela (Venta De Ropa Y Accesorios),San Pedro Garza García,8119686140,Venta de Ropa,C
Block House,Monterrey,8119688844,Venta de Ropa,C
Narcisa Joyería Y Ropa Y Otros,San Pedro Garza García,8119690784,Venta de Ropa,C
Monpetit,Monterrey,8119693362,Venta de Ropa,C
Moda Club,San Nicolás De Los Garza,8119693381,Venta de Ropa,C
Lucecitas,Monterrey,8119694929,Venta de Ropa,C
Boutique La Fe,San Nicolás De Los Garza,8119695379,Venta de Ropa,C
Perfumes Y Mas,Guadalupe,8119695576,Venta de Ropa,C
Carolina (Tienda De Vestidos),San Pedro Garza García,8119701970,Venta de Ropa,C
Sport Martines,Monterrey,8119710382,Venta de Ropa,C
Deportes Canada,Monterrey,8119710419,Venta de Ropa,C
Clasicos Store,San Nicolás De Los Garza,8119715214,Venta de Ropa,C
Super Mayoreo,Monterrey,8119721081,Venta de Ropa,C
Stg Security Y Tactical Group,Monterrey,8119722016,Venta de Ropa,C
Jhk Monterrey,Monterrey,8119722216,Venta de Ropa,C
Laxmi Jeans,Monterrey,8119723013,Venta de Ropa,C
Los 3 García,Guadalupe,8119724488,Venta de Ropa,C
Lilium Kaya,San Pedro Garza García,8119727778,Venta de Ropa,C
Boutique Glory Chic,San Nicolás De Los Garza,8119728655,Venta de Ropa,C
Valeria Calles Butick,Monterrey,8119728671,Venta de Ropa,C
Moreno Margarita Boutique,San Pedro Garza García,8119771898,Venta de Ropa,C
Neubag,Monterrey,8119772800,Venta de Ropa,C
Luval Ropa,Monterrey,8119778818,Venta de Ropa,C
Union De Artesanos De Nuevo Leon Talavarteria,Monterrey,8119814540,Venta de Ropa,C
Kids Fashion Esperanza Pedro Salan,Monterrey,8119839698,Venta de Ropa,C
Boutique Angely,Guadalupe,8119863398,Venta de Ropa,C
Kobamomo Resortwear,San Pedro Garza García,8119889972,Venta de Ropa,C
Lax Boutique,General Escobedo,8119901827,Venta de Ropa,C
Violeta Boutique,Apodaca,8119970919,Venta de Ropa,C
Boutique Diva,Monterrey,8120018894,Venta de Ropa,C
A L Boutique,Ciénega De Flores,8120219394,Venta de Ropa,C
Porto Blanco,Monterrey,8120359731,Venta de Ropa,C
Monster,Monterrey,8120363393,Venta de Ropa,C
Homa Impulsora De Negocios,San Nicolás De Los Garza,8120434935,Venta de Ropa,C
Boutique De Isela,Monterrey,8120451056,Venta de Ropa,C
Tienda De Ropa,San Nicolás De Los Garza,8120471736,Venta de Ropa,C
Blessed,Monterrey,8120488464,Venta de Ropa,C
Chelsea,Monterrey,8120493496,Venta de Ropa,C
Alys Boutique,General Escobedo,8120496258,Venta de Ropa,C
Ropa Y Accesorios Silvia,Monterrey,8120516197,Venta de Ropa,C
Moda Y Elegancia,Monterrey,8120704260,Venta de Ropa,C
Katy Barbie Ropa Nueva Americana Por Internet,San Nicolás De Los Garza,8120776688,Venta de Ropa,C
Tienda De Ropa,Juárez,8120810039,Venta de Ropa,C
Boutique Reynaldo,Apodaca,8120865204,Venta de Ropa,C
Pesa Uniformes,San Pedro Garza García,8120877716,Venta de Ropa,C
Venta De Ropa Sra Flor,General Escobedo,8121030142,Venta de Ropa,C
Boutique Moda Y Mas Luna,Marín,8121039449,Venta de Ropa,C
Venta De Ropa,Guadalupe,8121116138,Venta de Ropa,C
Vaper Boutique,Monterrey,8121116251,Venta de Ropa,C
Boutique Demani,Ciénega De Flores,8121534753,Venta de Ropa,C
Boutique Colleccion,Monterrey,8121553546,Venta de Ropa,C
Cuernos Largos Tienda De Ropa,Monterrey,8122007767,Venta de Ropa,C
Colibri Bebe,San Pedro Garza García,8122028169,Venta de Ropa,C
Boutique De Abril,Juárez,8122193541,Venta de Ropa,C
Todo A 7,Guadalupe,8122237130,Venta de Ropa,C
Boutique Sous Le Ciel,Monterrey,8122690252,Venta de Ropa,C
Dianis,San Pedro Garza García,8122824541,Venta de Ropa,C
Novedades Rubi,Santiago,8122851127,Venta de Ropa,C
"Comercio Al Por Menor De Ropa, Excepto De Bebé Y Lencería",Santiago,8122851333,Venta de Ropa,C
Martha Salazar,Santiago,8122851337,Venta de Ropa,B
Tienda Y Novedades Juany Salazar,Santiago,8122851964,Venta de Ropa,C
Faena,Santiago,8122852101,Venta de Ropa,C
Marieta Boutique,Santiago,8122852338,Venta de Ropa,C
Ropa Y Novedades Tere Guerra,Santiago,8122852351,Venta de Ropa,C
Prisma,Santiago,8122854233,Venta de Ropa,C
Marianita,Santiago,8122855388,Venta de Ropa,C
Tere Guerra,Santiago,8122855834,Venta de Ropa,C
Grupo Imasu Sa De Cv,San Pedro Garza García,8123165888,Venta de Ropa,C
Venta De Articulos De Bebe Dolce Bebe,Guadalupe,8123231326,Venta de Ropa,C
East Zda West Shop Ropa De Caballero,Monterrey,8123259040,Venta de Ropa,C
Bolsas Y Mochilas,Monterrey,8123269935,Venta de Ropa,C
Yayapicasso Boutique,Monterrey,8123373420,Venta de Ropa,C
Boutique Coco Mone,San Nicolás De Los Garza,8123542826,Venta de Ropa,C
Closet De Anahi,San Nicolás De Los Garza,8123554672,Venta de Ropa,C
El Vaquero,General Escobedo,8123559977,Venta de Ropa,C
Venta De Ropa Doña Coco,Pesquería,8123569953,Venta de Ropa,C
Pink Tag,Apodaca,8123647940,Venta de Ropa,C
As Angel Calzado Moda Accesorios,Apodaca,8123833508,Venta de Ropa,C
Venta De Ropa,General Escobedo,8124171998,Venta de Ropa,C
Kokkoro Boutique,Monterrey,8124219668,Venta de Ropa,C
Beyma Boutique,General Escobedo,8124230576,Venta de Ropa,C
Venta De Ropa Y Novedades,García,8124241664,Venta de Ropa,C
Waikele,Monterrey,8124285810,Venta de Ropa,C
Venta De Ropa Nueva,García,8124292154,Venta de Ropa,C
Pixielava,San Pedro Garza García,8124305835,Venta de Ropa,C
Emperijoyada,Monterrey,8124350831,Venta de Ropa,C
Boutique Mint Clothing,San Nicolás De Los Garza,8124436951,Venta de Ropa,C
Diva Fashion,Santiago,8124514355,Venta de Ropa,C
Venta De Ropa Silvia,Santiago,8124515072,Venta de Ropa,C
Dress Shoes,Guadalupe,8124620060,Venta de Ropa,C
Venta De Ropa De Caballero,Juárez,8124682744,Venta de Ropa,C
F G Mayoreo Y Menudeo,Monterrey,8124686595,Venta de Ropa,C
Kimberlee,Monterrey,8124686939,Venta de Ropa,C
Que Chulas Pompis,Guadalupe,8124692814,Venta de Ropa,C
Uniformes Debora,Apodaca,8124737583,Venta de Ropa,C
Union De Artesanos De Nuevo Leon: Compra Y Venta De Bileteras Y Monederos,Monterrey,8124907918,Venta de Ropa,C
Tuxedos Ml,San Nicolás De Los Garza,8125150410,Venta de Ropa,C
Collectif Concept Store,San Pedro Garza García,8125161555,Venta de Ropa,C
Grupo Imasu Sa De Cv,Monterrey,8125573030,Venta de Ropa,C
Valerias Boutique,Monterrey,8125590215,Venta de Ropa,C
Baby Word,Apodaca,8125682831,Venta de Ropa,C
Talinas,Monterrey,8125689574,Venta de Ropa,C
Venta De Ropa Y Acsesorios,General Escobedo,8126066264,Venta de Ropa,C
Ropa Lenceria Y Accesorios G M,Santiago,8126112180,Venta de Ropa,C
Herbel,Monterrey,8126133667,Venta de Ropa,C
Venta De Cintos Y Carteras,Monterrey,8126246867,Venta de Ropa,C
D Room,Monterrey,8126358921,Venta de Ropa,C
Bebe Mart,Monterrey,8126369305,Venta de Ropa,C
Boutique Brigiet,Apodaca,8126422283,Venta de Ropa,C
Lemon Chic Outlet,Monterrey,8126460404,Venta de Ropa,C
Verde Menta,Ciénega De Flores,8126542589,Venta de Ropa,C
"Comercio Al Por Menor De Ropa, Excepto De Bebé Y Lencería",Apodaca,8126609005,Venta de Ropa,C
Ivori Collection Ropa,Apodaca,8126780396,Venta de Ropa,C
Chic Kiss Boutique,General Escobedo,8126792700,Venta de Ropa,C
Royal Fashion,Monterrey,8126882368,Venta de Ropa,C
Mavos,Monterrey,8127190880,Venta de Ropa,C
Le Boutique,San Pedro Garza García,8127600554,Venta de Ropa,C
Novedades Jikory,Monterrey,8127723122,Venta de Ropa,C
Pamela Longoria Clothing,Monterrey,8128581820,Venta de Ropa,C
Segundo Piso Venta De Ropa Vintage,San Nicolás De Los Garza,8128614611,Venta de Ropa,C
Tienda De Ropa Franco,Monterrey,8128692162,Venta de Ropa,C
Boutique,Monterrey,8128777571,Venta de Ropa,C
Boutique Ropa De Cabellero Y Niño,Apodaca,8130828476,Venta de Ropa,C
Venta De Ropa Para Caballero Napoles,Monterrey,8131003978,Venta de Ropa,C
Revolution Mx,Guadalupe,8131075257,Venta de Ropa,C
Butique Victoria,Apodaca,8131369748,Venta de Ropa,C
Venta De Calcetas Iselda Deyanira Gaspar Rocha,Juárez,8132716770,Venta de Ropa,C
Venta De Ropa Dike,Juárez,8140404937,Venta de Ropa,C
Kinder Garden,Monterrey,8140408043,Venta de Ropa,C
Distribuidora Brantey,Monterrey,8144442394,Venta de Ropa,B
Venta De Ropa Nueva,Guadalupe,8144442444,Venta de Ropa,C
Mish Couture,Monterrey,8144444222,Venta de Ropa,C
Neobor - Novedades B,San Nicolás De Los Garza,8144446211,Venta de Ropa,C
Butique America,Guadalupe,8146460097,Venta de Ropa,C
Venta De Ropa,General Escobedo,8146460280,Venta de Ropa,C
Boutique L 2,San Nicolás De Los Garza,8146462299,Venta de Ropa,C
Tools & Services De México,Monterrey,8147744000,Venta de Ropa,C
Bershka Cumbres,Monterrey,8150782000,Venta de Ropa,A
Dockers Monterrey,San Pedro Garza García,8152383400,Venta de Ropa,C
Abella Desarrollos,San Pedro Garza García,8155526210,Venta de Ropa,C
Boutique Memos,Apodaca,8180070762,Venta de Ropa,C
Ropa Casual Ana,Apodaca,8180074795,Venta de Ropa,C
Satelite Ropa,San Nicolás De Los Garza,8180078052,Venta de Ropa,C
Tienda De Ropa Infantil Pekes,Monterrey,8180092050,Venta de Ropa,C
Boutique Aries,Apodaca,8180108068,Venta de Ropa,C
Maletas Y Mochilas,Monterrey,8180114959,Venta de Ropa,C
Baby & More,Juárez,8180125706,Venta de Ropa,C
Boutique Raquel,Guadalupe,8180145134,Venta de Ropa,C
Pia Caterina Bautizos,Monterrey,8180153988,Venta de Ropa,C
Tienda De Ropa,Guadalupe,8180174392,Venta de Ropa,C
Novedades Ludys,Apodaca,8180185380,Venta de Ropa,C
Venta De Ropa Para Dama,Santa Catarina,8180207337,Venta de Ropa,C
Venta De Ropa Mary,Juárez,8180251989,Venta de Ropa,C
Brinquitos,Monterrey,8180260386,Venta de Ropa,C
La Gardenia Tienda De Ropa,García,8180280147,Venta de Ropa,C
Nube Ropa De Bebe,San Pedro Garza García,8180303656,Venta de Ropa,C
Boutique Miriam,Santa Catarina,8180324533,Venta de Ropa,C
Urrutia Y Compañia,Monterrey,8180340047,Venta de Ropa,C
Boutique,Monterrey,8180403799,Venta de Ropa,C
Timboos,Monterrey,8180407595,Venta de Ropa,C
Venta De Ropa Para Caballero,San Pedro Garza García,8180407603,Venta de Ropa,C
The Pink Dressing Room,San Nicolás De Los Garza,8180436790,Venta de Ropa,C
Boone Jeans,Monterrey,8180440096,Venta de Ropa,C
Emma,Monterrey,8180502111,Venta de Ropa,C
Fsboutique,Monterrey,8180502200,Venta de Ropa,C
Diseños Y Novedades,San Nicolás De Los Garza,8180570951,Venta de Ropa,C
Ilusion San Nicolas De Los Garza,San Nicolás De Los Garza,8180571317,Venta de Ropa,C
Dancers Shop,San Nicolás De Los Garza,8180572510,Venta de Ropa,C
Zellini Moda Hombre,General Escobedo,8180581062,Venta de Ropa,C
Max Rebo,General Escobedo,8180581762,Venta de Ropa,C
Charro Piteado,General Escobedo,8180582069,Venta de Ropa,C
Mona Lisa Boutique,General Escobedo,8180582075,Venta de Ropa,C
Lob,General Escobedo,8180582208,Venta de Ropa,C
Dk Jeans Progresive Jeans,General Escobedo,8180582350,Venta de Ropa,C
Boutique Lady,General Escobedo,8180582722,Venta de Ropa,C
Moss Online,General Escobedo,8180583607,Venta de Ropa,C
Fresita,General Escobedo,8180584320,Venta de Ropa,C
Tt Blues Store,General Escobedo,8180589031,Venta de Ropa,B
Calvin Klein Outlet Monterrey,General Escobedo,8180589040,Venta de Ropa,A
Jeans Gabrielle,General Escobedo,8180589121,Venta de Ropa,C
Mia Paluci,General Escobedo,8180589198,Venta de Ropa,C
Tt Blues Store,General Escobedo,8180589200,Venta de Ropa,B
L041 Mty P Outlet Plus,General Escobedo,8180589202,Venta de Ropa,C
D Fiesta,General Escobedo,8180589207,Venta de Ropa,C
Eleven 6 Dresses Boutique,General Escobedo,8180589495,Venta de Ropa,C
Boutique Magu,Santa Catarina,8180590720,Venta de Ropa,C
G Y Co,Santa Catarina,8180592967,Venta de Ropa,C
Ropa Para Niña Chiquitita,San Nicolás De Los Garza,8180638359,Venta de Ropa,C
Infarto Moda,Monterrey,8180643597,Venta de Ropa,C
Bikes Y More,Monterrey,8180646188,Venta de Ropa,C
Lany Bolsas,Apodaca,8180952557,Venta de Ropa,C
Ropa Para Dama K Kon Madrid,San Pedro Garza García,8181009079,Venta de Ropa,C
Romero Mc Paul,San Pedro Garza García,8181009213,Venta de Ropa,C
Monamour,San Pedro Garza García,8181009643,Venta de Ropa,C
Boutique Dey Jay,Monterrey,8181026560,Venta de Ropa,C
L027 Mty Soriana Contry,Monterrey,8181030295,Venta de Ropa,C
Artebor,Monterrey,8181030428,Venta de Ropa,C
Bodega De Venta Para Ropa,Monterrey,8181037323,Venta de Ropa,C
Bon Chic Boutique+Imagen,Monterrey,8181037711,Venta de Ropa,C
Corporativo Tres Garcia,Monterrey,8181039141,Venta de Ropa,C
Itzel Co Boutique,Monterrey,8181039362,Venta de Ropa,C
"Comercio Al Por Menor De Ropa, Excepto De Bebé Y Lencería",San Pedro Garza García,8181041417,Venta de Ropa,C
Grafoexpress,Monterrey,8181061200,Venta de Ropa,C
El Buen Gusto,Monterrey,8181061375,Venta de Ropa,C
Ropa Y Calzado Imelda,General Escobedo,8181101163,Venta de Ropa,C
Ropa Y Novedades La Nueva Esperanza,General Escobedo,8181102597,Venta de Ropa,C
Novedades Rivera,General Escobedo,8181102601,Venta de Ropa,C
Ropa Y Calzado Cuevas,General Escobedo,8181103290,Venta de Ropa,C
Modas Plaza Monterrey,General Escobedo,8181103539,Venta de Ropa,C
Laxmi X Jeans,Monterrey,8181105296,Venta de Ropa,C
Mia Boutique,Apodaca,8181130013,Venta de Ropa,C
Moda Y Belleza,Monterrey,8181143676,Venta de Ropa,C
Creaciones Paola,San Pedro Garza García,8181150212,Venta de Ropa,C
Racconto,Monterrey,8181151192,Venta de Ropa,C
Uniformes Egros,Monterrey,8181153848,Venta de Ropa,C
Nine Months,Monterrey,8181156767,Venta de Ropa,C
Ropa Vero,Guadalupe,8181175189,Venta de Ropa,C
Menta Fresca,Monterrey,8181175848,Venta de Ropa,C
Boutique,Santa Catarina,8181196480,Venta de Ropa,C
Caroline St Boutique,San Nicolás De Los Garza,8181202010,Venta de Ropa,C
"Comercio Al Por Menor De Ropa, Excepto De Bebé Y Lencería",Guadalupe,8181209198,Venta de Ropa,C
B Bride Couture,Monterrey,8181230016,Venta de Ropa,C
Browning,Monterrey,8181233444,Venta de Ropa,C
Sfera Monterrey,Monterrey,8181233834,Venta de Ropa,B
Prezzenza Moda Y Uniformes,Monterrey,8181234080,Venta de Ropa,C
Beka,Monterrey,8181234567,Venta de Ropa,C
Hipodermicos Sultana,Monterrey,8181234916,Venta de Ropa,C
Samsonite Monterrey,Monterrey,8181239245,Venta de Ropa,C
Marco Viali,San Nicolás De Los Garza,8181239540,Venta de Ropa,B
Zafiro Handbags,Monterrey,8181239565,Venta de Ropa,C
Bonetera Monterrey,Monterrey,8181286603,Venta de Ropa,C
Centro Chemisette,Monterrey,8181308129,Venta de Ropa,A
Boutique Dres Up,San Nicolás De Los Garza,8181340869,Venta de Ropa,C
Bacik Boutique,Monterrey,8181343972,Venta de Ropa,C
Bacik Boutique,Monterrey,8181343975,Venta de Ropa,C
Boutique Rosy,Guadalupe,8181357846,Venta de Ropa,C
Street Silver,Guadalupe,8181400868,Venta de Ropa,C
Imágen Publicitaria Bordados,Guadalupe,8181410223,Venta de Ropa,C
Boutique Marysan,San Nicolás De Los Garza,8181410611,Venta de Ropa,C
Chistrian Modas,San Nicolás De Los Garza,8181410884,Venta de Ropa,C
The Closet Boutique,Monterrey,8181438433,Venta de Ropa,C
De Cache,Apodaca,8181453008,Venta de Ropa,C
Boneteria La Estrellita,Apodaca,8181454053,Venta de Ropa,C
Boutique Nanis,Apodaca,8181454742,Venta de Ropa,C
Consolidated Metco Services,Ciénega De Flores,8181547785,Venta de Ropa,A
Laxmi,Monterrey,8181610605,Venta de Ropa,C
Modas La Rosa Real,General Escobedo,8181617356,Venta de Ropa,C
Comercio Al Por Menor De Ropa De Bebé,Monterrey,8181619334,Venta de Ropa,C
El  Gusanito,Apodaca,8181638516,Venta de Ropa,C
Barracuda Boutique,Monterrey,8181731234,Venta de Ropa,C
Divas,Monterrey,8181784991,Venta de Ropa,C
Playeras Y Mas,Guadalupe,8181829405,Venta de Ropa,C
Novedades Romy,San Nicolás De Los Garza,8181833919,Venta de Ropa,C
Tienda  Roberts Galerias Monterrey,Monterrey,8181834895,Venta de Ropa,C
La Puerta Playeras Del Monterrey,Monterrey,8181838457,Venta de Ropa,C
Casa Raul,Monterrey,8181900763,Venta de Ropa,B
Tiendas Alka Sa De Cv Print Monterrey,Monterrey,8181903428,Venta de Ropa,C
Venta De Ropa,Monterrey,8181904443,Venta de Ropa,C
Distribuidora Pega,Monterrey,8181904543,Venta de Ropa,C
Distribuidora De Textiles Avante,Monterrey,8181905999,Venta de Ropa,C
Tendy Shop,Monterrey,8181907942,Venta de Ropa,C
Venta De Playeras De Marcas,Monterrey,8181911937,Venta de Ropa,C
Vinca Vestidos De Fiesta,San Pedro Garza García,8181922112,Venta de Ropa,C
Goodies(Artesania Y Ropa),San Pedro Garza García,8181922114,Venta de Ropa,C
Boutique Infantil Colibri,San Pedro Garza García,8181922835,Venta de Ropa,B
Deluxe Diseños De Alta Costura,Guadalupe,8182120387,Venta de Ropa,C
Elsy Boutique,San Nicolás De Los Garza,8182143000,Venta de Ropa,C
El Buen Fin,Santa Catarina,8182256378,Venta de Ropa,C
Boutique Veroch,Apodaca,8182320283,Venta de Ropa,C
Topps,San Nicolás De Los Garza,8182323471,Venta de Ropa,C
Boutique Juaniss,Juárez,8182330190,Venta de Ropa,C
Boutique Minerva,Juárez,8182331775,Venta de Ropa,C
Novedades,General Escobedo,8182332972,Venta de Ropa,C
Tienda De Ropa La Estrellita,Salinas Victoria,8182370060,Venta de Ropa,C
Regalos Y Novedades Sandra,Salinas Victoria,8182370458,Venta de Ropa,C
Infantiles Nutria,San Nicolás De Los Garza,8182408818,Venta de Ropa,C
Max Rebo,San Nicolás De Los Garza,8182408844,Venta de Ropa,C
Tt Blues Store,San Nicolás De Los Garza,8182408852,Venta de Ropa,A
Dasha Couture,San Nicolás De Los Garza,8182408946,Venta de Ropa,C
Beatriz Boutique,San Nicolás De Los Garza,8182409235,Venta de Ropa,C
Studio,San Nicolás De Los Garza,8182409312,Venta de Ropa,B
Tux Shop,Monterrey,8182420990,Venta de Ropa,C
Sweet Girls Boutique,Monterrey,8182427910,Venta de Ropa,C
Merceria Y Venta De Ropa,Apodaca,8182433133,Venta de Ropa,C
Real Kitchen,Monterrey,8182440522,Venta de Ropa,C
Barda Comercializadora Integral Y Servicios,Monterrey,8182445354,Venta de Ropa,C
Nicke Kids Vta Ropa P/Niños,San Pedro Garza García,8182447900,Venta de Ropa,C
Moster,Juárez,8182517471,Venta de Ropa,C
Trapitos Y Mas,San Nicolás De Los Garza,8182525346,Venta de Ropa,C
Comercializador De Textiles,Monterrey,8182544204,Venta de Ropa,C
Caballero Sport,Monterrey,8182744406,Venta de Ropa,C
Venta De Ropa,Monterrey,8182746456,Venta de Ropa,C
Luna Closet,Santa Catarina,8182749701,Venta de Ropa,C
El Dios Griego Boutique,San Nicolás De Los Garza,8182808412,Venta de Ropa,C
Zeep Jeans,Guadalupe,8182823854,Venta de Ropa,C
Estetica Y Boutique Karen,Guadalupe,8182824091,Venta de Ropa,C
De Vero Boutique,Guadalupe,8182824707,Venta de Ropa,C
La Gardenia,García,8182830346,Venta de Ropa,C
Boutique Rocio,García,8182830984,Venta de Ropa,C
Meniva Boutique,San Pedro Garza García,8182870617,Venta de Ropa,C
Almacen De Ropa Ezequiel Valdez Lopez,Monterrey,8182877372,Venta de Ropa,C
Boutique My Dreams,Monterrey,8182877686,Venta de Ropa,C
Robby Boutique,Monterrey,8182983717,Venta de Ropa,C
Tienda De Ropa Street Silver,Guadalupe,8182989172,Venta de Ropa,C
Master Internacional En Suministros,San Nicolás De Los Garza,8182989751,Venta de Ropa,C
Letty Kids,San Nicolás De Los Garza,8182992468,Venta de Ropa,C
Boutique,Guadalupe,8182997131,Venta de Ropa,C
Franca,Monterrey,8183001876,Venta de Ropa,C
La Fabrica,Monterrey,8183004819,Venta de Ropa,C
Ellas Boutique,Monterrey,8183010900,Venta de Ropa,C
Uniformes Escolares,San Nicolás De Los Garza,8183020639,Venta de Ropa,C
Accesorios Erika,General Escobedo,8183093667,Venta de Ropa,C
L106 Mty Plaza Adana,Monterrey,8183095500,Venta de Ropa,C
Venta De Ropa Oralia,Monterrey,8183103778,Venta de Ropa,C
Venta De Ropa Seminueva,Monterrey,8183109705,Venta de Ropa,C
Coccole,Monterrey,8183111123,Venta de Ropa,C
Enfoque Internacional,Monterrey,8183112560,Venta de Ropa,C
Venta De Ropa,Monterrey,8183116710,Venta de Ropa,C
Vestibam,Monterrey,8183117564,Venta de Ropa,C
Boutique Martha,Monterrey,8183118591,Venta de Ropa,C
Tienda De Ropa,San Nicolás De Los Garza,8183126197,Venta de Ropa,C
"Venta De Ropa, Excepto De Bebe Y Lenceria",San Nicolás De Los Garza,8183133291,Venta de Ropa,C
Comercio Al Por Menor De Ropa De Bebé,Apodaca,8183140466,Venta de Ropa,C
Chocolate Boutique,Monterrey,8183154129,Venta de Ropa,C
Casa Ricardos Ropa Para Hombre,San Pedro Garza García,8183159797,Venta de Ropa,C
Novedades Erika,García,8183161735,Venta de Ropa,C
Baby´S House,Guadalupe,8183171152,Venta de Ropa,C
Butike Valentina,Guadalupe,8183173179,Venta de Ropa,C
Carolina Boutique,Guadalupe,8183175839,Venta de Ropa,C
Boutique,Monterrey,8183178146,Venta de Ropa,C
Boutique,San Nicolás De Los Garza,8183200732,Venta de Ropa,C
Venta De Ropa,San Nicolás De Los Garza,8183203240,Venta de Ropa,C
Comic Baby,Monterrey,8183206894,Venta de Ropa,C
Ropa Y Novedades,San Nicolás De Los Garza,8183217642,Venta de Ropa,C
Boutique Los Ángeles,Monterrey,8183224553,Venta de Ropa,C
Boutique,Monterrey,8183227564,Venta de Ropa,C
Novedades Rossy,Guadalupe,8183232756,Venta de Ropa,C
Venta De Ropa Y Novedades,Guadalupe,8183261583,Venta de Ropa,C
"Comercio Al Por Menor De Ropa, Excepto De Bebé Y Lencería",Apodaca,8183261632,Venta de Ropa,C
Boutique Tt Blus,Juárez,8183262808,Venta de Ropa,C
Butique Yury,Guadalupe,8183264304,Venta de Ropa,C
Tienda De Ropa Nueva,Guadalupe,8183267564,Venta de Ropa,C
Snack Jessy,Guadalupe,8183270349,Venta de Ropa,C
Cool Fashion,Guadalupe,8183276514,Venta de Ropa,C
Venta De Ropa,Guadalupe,8183276586,Venta de Ropa,C
Kaliga,Monterrey,8183279195,Venta de Ropa,C
Bon Chics Boutique,San Nicolás De Los Garza,8183300827,Venta de Ropa,C
Boutique De Ropa,General Escobedo,8183304701,Venta de Ropa,C
Boutique Jaitzel,San Nicolás De Los Garza,8183305025,Venta de Ropa,C
Divas Boutique,San Nicolás De Los Garza,8183307072,Venta de Ropa,C
Tienda De Ropa,San Nicolás De Los Garza,8183309869,Venta de Ropa,C
L072 Mty Centrika,Monterrey,8183311458,Venta de Ropa,C
Grupo Imasu Sa De Cv,San Nicolás De Los Garza,8183320178,Venta de Ropa,C
Max Rebo,San Nicolás De Los Garza,8183320789,Venta de Ropa,C
Venta De Ropa De Dama,San Nicolás De Los Garza,8183320980,Venta de Ropa,C
One Up,San Nicolás De Los Garza,8183321304,Venta de Ropa,C
Aldo Conti - Trajes Para Caballero-,San Nicolás De Los Garza,8183322834,Venta de Ropa,C
Tanger Coleccion,San Nicolás De Los Garza,8183323195,Venta de Ropa,C
Piny Bory,San Nicolás De Los Garza,8183323228,Venta de Ropa,C
Lady Chic,San Nicolás De Los Garza,8183323251,Venta de Ropa,C
New New,San Nicolás De Los Garza,8183323415,Venta de Ropa,C
Reduced,San Nicolás De Los Garza,8183323896,Venta de Ropa,C
Vittorio Forti Anahuac,San Nicolás De Los Garza,8183323948,Venta de Ropa,A
One,San Nicolás De Los Garza,8183329588,Venta de Ropa,C
Mens Factory Galerias Monterrey,Monterrey,8183332183,Venta de Ropa,C
Boutique Gala,Monterrey,8183332900,Venta de Ropa,C
Eme Style,Monterrey,8183333002,Venta de Ropa,C
Eme Style,Monterrey,8183335251,Venta de Ropa,C
Studio F,Monterrey,8183335878,Venta de Ropa,C
Charro,Monterrey,8183336659,Venta de Ropa,C
Uniformes De La Salle,Monterrey,8183337544,Venta de Ropa,C
Boutique Marce,Guadalupe,8183341773,Venta de Ropa,C
El Arca De Noe Boutique,San Nicolás De Los Garza,8183342336,Venta de Ropa,C
Planet Girl,San Nicolás De Los Garza,8183343470,Venta de Ropa,C
Boho África,Guadalupe,8183344169,Venta de Ropa,C
One Clothing,San Nicolás De Los Garza,8183345016,Venta de Ropa,C
Merlot Boutique Venta De Ropa Para Dama,San Pedro Garza García,8183350378,Venta de Ropa,C
Carters Osh Kosh Ropa De Bebe,San Pedro Garza García,8183350894,Venta de Ropa,C
Pieles De Calidadventa,San Pedro Garza García,8183350959,Venta de Ropa,C
"Arroz Con Leche, S.A. De C.V.",San Pedro Garza García,8183351093,Venta de Ropa,C
Venta De Ropa Para Niños Babeettekids,San Pedro Garza García,8183351363,Venta de Ropa,C
"Comercio Al Por Menor De Ropa, Excepto De Bebé Y Lencería",Monterrey,8183351381,Venta de Ropa,C
Bimba & Lola Venta De Ropa Para Damas Y Accesorios,San Pedro Garza García,8183351597,Venta de Ropa,C
Aire Barcelona Vestidos De Fiesta,San Pedro Garza García,8183351612,Venta de Ropa,C
Bucles Ropa Para Bebe,Guadalupe,8183351732,Venta de Ropa,C
Urban Chic Accesorios Para Dama Ropa Aretes,San Pedro Garza García,8183351888,Venta de Ropa,C
Tommy Hilfiger San Pedro,San Pedro Garza García,8183351924,Venta de Ropa,A
Guess Tienda De Ropa Para Dama Y Caballero Y Accsesrios,San Pedro Garza García,8183352093,Venta de Ropa,C
Pik Nik,San Pedro Garza García,8183352113,Venta de Ropa,C
Eleven People Vestidos Y Accesorios,San Pedro Garza García,8183352212,Venta de Ropa,C
Coktel Venta De Ropa,San Pedro Garza García,8183352264,Venta de Ropa,C
Eleven People Vestidos Y Accesorios,San Pedro Garza García,8183352313,Venta de Ropa,B
4111 Tienda Monterrey,San Pedro Garza García,8183352378,Venta de Ropa,C
Venta De Lencería Agua Vendita,San Pedro Garza García,8183352444,Venta de Ropa,C
Pequelinno Vta Articulos De Bebes,San Pedro Garza García,8183353150,Venta de Ropa,C
Santa Monica,San Pedro Garza García,8183353436,Venta de Ropa,C
Vixen Boutique Venta De Ropa,San Pedro Garza García,8183353882,Venta de Ropa,C
Rique Glamacouture,San Pedro Garza García,8183355005,Venta de Ropa,C
Publitex Publicidad En Prendas De Vestir,Monterrey,8183356035,Venta de Ropa,C
Chula,San Pedro Garza García,8183356901,Venta de Ropa,C
Cadenamex Venta De Telas Europeas,San Pedro Garza García,8183356929,Venta de Ropa,C
Max Maraboutique,San Pedro Garza García,8183357897,Venta de Ropa,C
"Lemon Chic, Boutique",San Pedro Garza García,8183358220,Venta de Ropa,B
Medicina Estética Sin H,San Pedro Garza García,8183358491,Venta de Ropa,C
Pineda Cavalin,San Pedro Garza García,8183358784,Venta de Ropa,C
Tienda De Ropa Ema Meneses,San Pedro Garza García,8183359026,Venta de Ropa,C
Chic Petita Accesorios Y Ropa Infantil,San Pedro Garza García,8183359191,Venta de Ropa,C
Cornoliani Venta De Ropa Para Caballero,San Pedro Garza García,8183359369,Venta de Ropa,C
Venta De Vestidos Toska,San Pedro Garza García,8183359396,Venta de Ropa,C
Ampersand (Uniformes Para Empleada Domestica),San Pedro Garza García,8183359512,Venta de Ropa,C
Dufrag.Boutique,San Pedro Garza García,8183364596,Venta de Ropa,C
Boutique Diana,Guadalupe,8183372573,Venta de Ropa,C
Zapateria Nelly,Guadalupe,8183373643,Venta de Ropa,C
Boutique,Guadalupe,8183373800,Venta de Ropa,C
Merceria Y Venta De Ropa En Pequeño,San Pedro Garza García,8183381054,Venta de Ropa,C
Fritzi Moda,Santa Catarina,8183381345,Venta de Ropa,C
Tienda De Ropa Lolyta,San Pedro Garza García,8183382721,Venta de Ropa,C
Novelty Apparel Moda Casual De Dama,San Pedro Garza García,8183383024,Venta de Ropa,C
Unike Moda Y Accesorios,San Pedro Garza García,8183387468,Venta de Ropa,C
Grupo Deb2(Art. De Bebes),San Pedro Garza García,8183388474,Venta de Ropa,C
"Comercio Al Por Menor De Ropa, Excepto De Bebé Y Lencería",Monterrey,8183395647,Venta de Ropa,C
Boutique,Monterrey,8183399893,Venta de Ropa,C
Ropa De Dama,Monterrey,8183400015,Venta de Ropa,C
Manhattan Moda Actual,Monterrey,8183400270,Venta de Ropa,C
Galería Infantil,Monterrey,8183400622,Venta de Ropa,C
Lozano Ropa Calzado Regalos,Monterrey,8183401114,Venta de Ropa,C
"Comercio Al Por Mayor De Ropa, Bisutería Y Accesorios De Vestir",Monterrey,8183401273,Venta de Ropa,C
Pinyi Bory,Monterrey,8183402597,Venta de Ropa,C
Local De Mochilas,Monterrey,8183402907,Venta de Ropa,C
Nina Ferre,Monterrey,8183403418,Venta de Ropa,C
Pepito Ropa Infantil,Monterrey,8183403502,Venta de Ropa,C
Ropa Para Niños Payasito,Monterrey,8183403705,Venta de Ropa,C
Venta De Ropa Para Dama L-60-62,Monterrey,8183403780,Venta de Ropa,C
Nina Ferre,Monterrey,8183404034,Venta de Ropa,C
"Tools & Services De Mexico, S.A. De C.V.",Monterrey,8183404102,Venta de Ropa,C
Moda Y Piel Govani,Monterrey,8183404197,Venta de Ropa,C
Seven,Monterrey,8183404501,Venta de Ropa,C
L090 Mty J I Ramon,Monterrey,8183404782,Venta de Ropa,C
Emperijoyada,Monterrey,8183404787,Venta de Ropa,C
Vittorio Forti Morelos I,Monterrey,8183405252,Venta de Ropa,A
Eleczione,Monterrey,8183405447,Venta de Ropa,C
Mascara De Latex Mty,Monterrey,8183406209,Venta de Ropa,C
Tienda De Ropa,Monterrey,8183406364,Venta de Ropa,C
Nina Ferre,Monterrey,8183406394,Venta de Ropa,C
"Comercio Al Por Menor De Ropa, Excepto De Bebé Y Lencería",Monterrey,8183406538,Venta de Ropa,C
Heaven,Monterrey,8183406541,Venta de Ropa,C
Uni-K Ventas Por Catalogo,Monterrey,8183406579,Venta de Ropa,C
Tiendas Alka Sa De Cv Monterrey Ii,Monterrey,8183406898,Venta de Ropa,C
Tiendas Alka Sa De Cv Monterrey ,Monterrey,8183406998,Venta de Ropa,C
Confecciones Rahel,Monterrey,8183407200,Venta de Ropa,C
Venta De Ropa Para Dama Y Accesorios,Monterrey,8183407290,Venta de Ropa,C
Comercializadora Rodriguez Ovalle,Monterrey,8183407352,Venta de Ropa,C
Djud,Monterrey,8183407378,Venta de Ropa,C
Tienda Vestidos De Novia Vanidades,Monterrey,8183407663,Venta de Ropa,C
New Gangsta,Monterrey,8183407769,Venta de Ropa,C
Liz Minelli,Monterrey,8183407776,Venta de Ropa,C
Tt Blues Store,Monterrey,8183408472,Venta de Ropa,B
Venta De Ropa Para Dama,Monterrey,8183408561,Venta de Ropa,C
Tt Blues Store,San Nicolás De Los Garza,8183408824,Venta de Ropa,A
Solet,Monterrey,8183408966,Venta de Ropa,C
Choon Hee Cho,Monterrey,8183409498,Venta de Ropa,C
Small-Mall,Guadalupe,8183411385,Venta de Ropa,C
Venta De Ropa Y Zapatos,Guadalupe,8183413237,Venta de Ropa,C
Venta De Ropa,Guadalupe,8183414203,Venta de Ropa,C
Ropa Y Calzado Silyvet,Guadalupe,8183415287,Venta de Ropa,C
"Venta De Ropa, Excepto De Bebe Y Lenceria",Apodaca,8183419671,Venta de Ropa,C
Boutique Candiles,Monterrey,8183420613,Venta de Ropa,C
"Venta De Ropa, Excepto De Bebe Y Lencería",Monterrey,8183421018,Venta de Ropa,C
Hs,Monterrey,8183421172,Venta de Ropa,C
Harlem Romero,Monterrey,8183422790,Venta de Ropa,C
Tt Blues Store,Monterrey,8183423041,Venta de Ropa,B
Mia Paluzzi,Monterrey,8183423400,Venta de Ropa,C
Tt Blues Store,Monterrey,8183423552,Venta de Ropa,A
Uniformes De Tampico Sucursal Monterrey-Mitras,Monterrey,8183424370,Venta de Ropa,C
Cinturones Marquez,Monterrey,8183424899,Venta de Ropa,C
Beatriz Boutique,San Nicolás De Los Garza,8183426525,Venta de Ropa,C
El Boulevard,Monterrey,8183426918,Venta de Ropa,B
Ole Ole Tienda De Ropa,Monterrey,8183427059,Venta de Ropa,C
Max Rebo,Monterrey,8183427096,Venta de Ropa,C
Mens Factory Monterrey Morelos,Monterrey,8183428388,Venta de Ropa,C
Bolsas Y Blusas,Monterrey,8183428962,Venta de Ropa,C
Marco Viali,Monterrey,8183429461,Venta de Ropa,B
Rubens,Monterrey,8183430286,Venta de Ropa,B
Diamon Fashion,Monterrey,8183430419,Venta de Ropa,C
Exclusiva Lo´Fassi Yael,Monterrey,8183430555,Venta de Ropa,C
179 Melody,Monterrey,8183430582,Venta de Ropa,C
Laxmi,Monterrey,8183431990,Venta de Ropa,C
Dike,Monterrey,8183432072,Venta de Ropa,C
Carey,Monterrey,8183432200,Venta de Ropa,C
Casa Moreno,Monterrey,8183432223,Venta de Ropa,B
4128 Tienda Monterrey Iii,Monterrey,8183432759,Venta de Ropa,C
Ying,Monterrey,8183433220,Venta de Ropa,C
Bolsas Y Novedades,Monterrey,8183433356,Venta de Ropa,C
Tienda Bolsas Y Novedades Angelus,Monterrey,8183434167,Venta de Ropa,C
Tt Blues Store,Monterrey,8183434462,Venta de Ropa,B
La Argentina Plaza,Monterrey,8183435157,Venta de Ropa,C
Mas Mas Boutique,Monterrey,8183435659,Venta de Ropa,B
Silverado Western Wear,Monterrey,8183436005,Venta de Ropa,C
Butique De Remate,Monterrey,8183436427,Venta de Ropa,C
Elezione,Monterrey,8183436544,Venta de Ropa,C
La Argentina,Monterrey,8183436911,Venta de Ropa,C
Regalos Tere,Monterrey,8183437041,Venta de Ropa,C
Barbara Coleccion,Monterrey,8183437221,Venta de Ropa,C
Vittorio Forti Morelos Iii,Monterrey,8183437288,Venta de Ropa,A
Novedades Lilia,Monterrey,8183437291,Venta de Ropa,C
Ropa Dama Y Caballero,Monterrey,8183437478,Venta de Ropa,C
121 Moda Casual,Monterrey,8183438675,Venta de Ropa,C
Vestidos De Fiesta,Monterrey,8183439224,Venta de Ropa,C
Yazvan,Monterrey,8183439239,Venta de Ropa,C
Ropa Infantil Bamboli,Monterrey,8183440672,Venta de Ropa,C
Regalos Y Playeras,Monterrey,8183441315,Venta de Ropa,C
El Globo Almacenes,Monterrey,8183441438,Venta de Ropa,C
La Hermana Mayor,Monterrey,8183441768,Venta de Ropa,B
"Confecciones Modi S.A. De Rl, De C.V.",Monterrey,8183442075,Venta de Ropa,C
Adrenalina,Monterrey,8183443416,Venta de Ropa,C
Caps Bordado Young Keun Kim,Monterrey,8183443485,Venta de Ropa,C
Bordados Continental,Monterrey,8183443535,Venta de Ropa,C
Jeans Gabrielle,Monterrey,8183444121,Venta de Ropa,C
Cintos De Honda,Monterrey,8183445106,Venta de Ropa,C
Ropa Y Novedades,Monterrey,8183445125,Venta de Ropa,C
Nina Ferre,Monterrey,8183445541,Venta de Ropa,C
El Canelo,Monterrey,8183446002,Venta de Ropa,C
"Comercio Al Por Menor De Ropa, Excepto De Bebé Y Lencería",Monterrey,8183446204,Venta de Ropa,C
Hks,Monterrey,8183446833,Venta de Ropa,C
Dab De Mexico 76,Monterrey,8183447251,Venta de Ropa,C
Puesto De Playeras,Monterrey,8183447953,Venta de Ropa,C
"Comercio Al Por Mayor De Ropa, Bisutería Y Accesorios De Vestir",Monterrey,8183449469,Venta de Ropa,C
Tienda Ropa Infantil Cri Cri,Monterrey,8183449496,Venta de Ropa,C
Vizzio,Monterrey,8183449563,Venta de Ropa,C
Piny Bory-Kids,Monterrey,8183449710,Venta de Ropa,B
Elegance,Monterrey,8183451063,Venta de Ropa,C
Levis Stores,Monterrey,8183451630,Venta de Ropa,C
Ilusion Monterrey San Ignacio,Monterrey,8183451794,Venta de Ropa,C
Ropa De Dama,Monterrey,8183451872,Venta de Ropa,C
G Medical Uniformes,Monterrey,8183452010,Venta de Ropa,C
Boneteria Nahara,Monterrey,8183452616,Venta de Ropa,C
Ropa Para Caballero Gentleman,Monterrey,8183453320,Venta de Ropa,C
M Producciones,Monterrey,8183453620,Venta de Ropa,C
Kueros,Monterrey,8183453816,Venta de Ropa,C
Rockher,Monterrey,8183454000,Venta de Ropa,C
Rix  18,Monterrey,8183454531,Venta de Ropa,C
Moda Abigail,Monterrey,8183457766,Venta de Ropa,C
Kueros,San Nicolás De Los Garza,8183457874,Venta de Ropa,C
Venta De Artículos De Perfumería Y Cosméticos,Monterrey,8183458799,Venta de Ropa,C
Happy Face,Monterrey,8183458874,Venta de Ropa,C
Novedades Javier,Monterrey,8183459029,Venta de Ropa,C
Gil Y Gil Deportes,Monterrey,8183461529,Venta de Ropa,C
Sacramento Diseñadoras,Monterrey,8183465278,Venta de Ropa,C
Mango,Monterrey,8183467869,Venta de Ropa,C
Pieles Exclusivas De Monterrey,Monterrey,8183468000,Venta de Ropa,C
Sigue Uniformes,Monterrey,8183469696,Venta de Ropa,C
Moda Maz,Monterrey,8183471780,Venta de Ropa,C
Bershka Galerias Monterrey,Monterrey,8183472408,Venta de Ropa,A
Uniformes Ditmo,Monterrey,8183474221,Venta de Ropa,B
Bordados Multibordados,Monterrey,8183474672,Venta de Ropa,C
Maxximo,Monterrey,8183474700,Venta de Ropa,C
Saide,Monterrey,8183476237,Venta de Ropa,C
Uniformes La Cabaña,Monterrey,8183479656,Venta de Ropa,C
Tienda Kurian  Monterrey Galerias ,Monterrey,8183481927,Venta de Ropa,C
Gran Sport,Monterrey,8183483340,Venta de Ropa,B
Grupo Textil Begosa,Monterrey,8183483341,Venta de Ropa,C
Rio Grande Boutique,Monterrey,8183487253,Venta de Ropa,C
Julio Galerias Monterrey,Monterrey,8183489319,Venta de Ropa,C
Studio,Monterrey,8183489475,Venta de Ropa,C
Lob,Monterrey,8183489523,Venta de Ropa,C
Factory Monterrey La Silla,Monterrey,8183490324,Venta de Ropa,C
Boutique O.K.,Linares,8183492709,Venta de Ropa,C
Torana Trend Boutique,Monterrey,8183493008,Venta de Ropa,C
Lobot,Monterrey,8183493620,Venta de Ropa,C
Fil Y Exon Boutique,Monterrey,8183493703,Venta de Ropa,C
Skate Shop,Monterrey,8183495682,Venta de Ropa,C
Mimi,Monterrey,8183496043,Venta de Ropa,C
Bliss Boutique,Monterrey,8183496305,Venta de Ropa,C
Boutique Casa Blanca,San Nicolás De Los Garza,8183501714,Venta de Ropa,C
Casa Jaime,San Nicolás De Los Garza,8183505088,Venta de Ropa,C
Boutique Cleeks,San Nicolás De Los Garza,8183507542,Venta de Ropa,C
Las Playeras Mx,San Nicolás De Los Garza,8183509329,Venta de Ropa,C
Detalles Regalos Y Algo Mas Bazar,Monterrey,8183513785,Venta de Ropa,C
Comercial Miryen,Monterrey,8183514400,Venta de Ropa,C
Diseños Melissa,Monterrey,8183515551,Venta de Ropa,B
Soco Boutique,San Nicolás De Los Garza,8183521257,Venta de Ropa,C
Butique Infantil Pekitas,San Nicolás De Los Garza,8183523834,Venta de Ropa,C
Boutique Y Bazar,San Nicolás De Los Garza,8183525178,Venta de Ropa,C
Novedades Lozano,San Nicolás De Los Garza,8183525354,Venta de Ropa,C
Ivi Soluciones Comerciales,San Nicolás De Los Garza,8183525700,Venta de Ropa,C
Boutique Dama,San Nicolás De Los Garza,8183527224,Venta de Ropa,C
Ropa Para Caballero Pecxe,San Nicolás De Los Garza,8183531742,Venta de Ropa,C
Beso Boutique,San Nicolás De Los Garza,8183531760,Venta de Ropa,C
Tienda De Ropa,San Nicolás De Los Garza,8183536057,Venta de Ropa,C
Tu Segunda Piel,San Nicolás De Los Garza,8183536725,Venta de Ropa,C
Venta De Ropa,San Nicolás De Los Garza,8183538246,Venta de Ropa,C
Percha Uniformes,San Nicolás De Los Garza,8183538596,Venta de Ropa,C
Tienda Los Angeles,Guadalupe,8183540338,Venta de Ropa,B
Tienda Los Ángeles,Monterrey,8183540425,Venta de Ropa,B
Las Novedades Guadalupe,Guadalupe,8183541133,Venta de Ropa,C
"Vanitec, S.A. De C.V.",Guadalupe,8183542804,Venta de Ropa,C
Boutique Bety,Guadalupe,8183552376,Venta de Ropa,C
Boutique El Portón,Guadalupe,8183553071,Venta de Ropa,C
Bershka Paseo San Pedro,San Pedro Garza García,8183562082,Venta de Ropa,A
Identity School Uniforms,San Pedro Garza García,8183562221,Venta de Ropa,C
Cocolobo(Venta De Ropa),San Pedro Garza García,8183562498,Venta de Ropa,C
Etiqueta Luxury Venta Y Renta De Ropa De Caballero,San Pedro Garza García,8183562828,Venta de Ropa,C
Marie,San Pedro Garza García,8183563071,Venta de Ropa,C
Salvatore Ferragamo,San Pedro Garza García,8183564061,Venta de Ropa,C
Ela Boutique,San Pedro Garza García,8183564082,Venta de Ropa,C
Le Boutique,San Pedro Garza García,8183565417,Venta de Ropa,C
Elegance,San Pedro Garza García,8183566064,Venta de Ropa,C
"Comercio Al Por Menor De Ropa, Excepto De Bebé Y Lencería",San Pedro Garza García,8183566440,Venta de Ropa,C
Tienda Departamental Caballero Etiqueta Luxury,San Pedro Garza García,8183568832,Venta de Ropa,C
Boutique Chick,Monterrey,8183569264,Venta de Ropa,C
Boutique Raquel,Monterrey,8183572476,Venta de Ropa,C
Baggis Accesorios,Monterrey,8183573697,Venta de Ropa,C
Nina,Monterrey,8183574994,Venta de Ropa,C
"Athletics, S.A. De C.V.",Monterrey,8183592830,Venta de Ropa,C
Roset,Monterrey,8183595265,Venta de Ropa,C
Boutique Le Petit,Monterrey,8183597674,Venta de Ropa,C
Diké,Guadalupe,8183600011,Venta de Ropa,C
Mambo,Guadalupe,8183601191,Venta de Ropa,C
Mambo Boutique,Guadalupe,8183603150,Venta de Ropa,C
Solét,Guadalupe,8183603631,Venta de Ropa,C
Creaciones Vero,Guadalupe,8183604740,Venta de Ropa,C
For You,Guadalupe,8183605859,Venta de Ropa,C
Galfer,Guadalupe,8183606429,Venta de Ropa,C
Boutique Y Regalos,Guadalupe,8183609916,Venta de Ropa,C
Novedades Génesis,Guadalupe,8183609920,Venta de Ropa,C
Novedades Vero,Guadalupe,8183614262,Venta de Ropa,C
Chepes,Guadalupe,8183617174,Venta de Ropa,C
Deali,Guadalupe,8183619384,Venta de Ropa,C
Ay Guey!,San Pedro Garza García,8183625117,Venta de Ropa,C
Mocova Boutique,San Pedro Garza García,8183626423,Venta de Ropa,C
México Magico,San Pedro Garza García,8183630083,Venta de Ropa,C
Ximena,San Pedro Garza García,8183630888,Venta de Ropa,C
Vittorio Forti San Agustin,San Pedro Garza García,8183631944,Venta de Ropa,A
Boutique Siris,San Pedro Garza Garcia,8183632107,Venta de Ropa,C
Hemisphere,San Pedro Garza García,8183632180,Venta de Ropa,C
Studio F,San Pedro Garza García,8183632311,Venta de Ropa,C
Casa Ortiz,San Pedro Garza García,8183632464,Venta de Ropa,C
Casa Moreno,San Pedro Garza García,8183632570,Venta de Ropa,C
Misko San Agustin 38,San Pedro Garza García,8183632650,Venta de Ropa,B
"088 Monterrey, San Agustin",San Pedro Garza García,8183632716,Venta de Ropa,A
Winona San Agustin Ii  43,San Pedro Garza García,8183632798,Venta de Ropa,C
Pato Pampa,San Pedro Garza García,8183633493,Venta de Ropa,C
Piteado Charro,San Pedro Garza García,8183634193,Venta de Ropa,C
Beatriz Boutique,San Pedro Garza García,8183634575,Venta de Ropa,C
Steven Fashion,San Pedro Garza García,8183634664,Venta de Ropa,C
Levis Store,San Pedro Garza García,8183634786,Venta de Ropa,C
Pieles Exclusivas,San Pedro Garza García,8183634923,Venta de Ropa,C
El Viajero Del Norte,San Pedro Garza García,8183635356,Venta de Ropa,C
Studio (Venta De Ropa),San Pedro Garza García,8183636553,Venta de Ropa,C
Accesorios Fresa,San Pedro Garza García,8183637007,Venta de Ropa,C
Bambinos,San Pedro Garza García,8183637189,Venta de Ropa,C
Mama Mia Monterrey,San Pedro Garza García,8183637399,Venta de Ropa,C
Forever 21 Fashion Drive Mty,San Pedro Garza García,8183637631,Venta de Ropa,A
Venta De Ropa,Monterrey,8183650294,Venta de Ropa,C
Uniformes Y Bordados Serypen,Monterrey,8183655518,Venta de Ropa,C
Show Room,San Pedro Garza García,8183657890,Venta de Ropa,C
Kansas Jeans,Guadalupe,8183658909,Venta de Ropa,C
Boutique Jana,Guadalupe,8183671351,Venta de Ropa,C
Kitson By Gabrielle,San Pedro Garza García,8183684615,Venta de Ropa,C
Bershka Plaza Fiesta San Agustin,San Pedro Garza García,8183684659,Venta de Ropa,A
Massimo Dutti,San Pedro Garza García,8183684683,Venta de Ropa,A
Lob,San Pedro Garza García,8183684713,Venta de Ropa,C
Mens Factory Monterrey San Agustin,San Pedro Garza García,8183684736,Venta de Ropa,C
Julio Plaza San Agustin,San Pedro Garza García,8183684738,Venta de Ropa,C
Pull And Bear,San Pedro Garza García,8183684743,Venta de Ropa,A
Dockers,San Pedro Garza García,8183684828,Venta de Ropa,C
Jmj Zalma,San Pedro Garza García,8183684930,Venta de Ropa,C
Jmj Zalma,San Pedro Garza García,8183684938,Venta de Ropa,C
Mama Mia Maternity,San Pedro Garza García,8183684953,Venta de Ropa,C
Sulaiky,Monterrey,8183691753,Venta de Ropa,C
Philosophy,Monterrey,8183691765,Venta de Ropa,C
Veresb Prieto Acesorios,Monterrey,8183691826,Venta de Ropa,C
Helen Kuri,Monterrey,8183691831,Venta de Ropa,C
Planet Grill,Monterrey,8183691838,Venta de Ropa,C
Nina Elegance,Monterrey,8183691869,Venta de Ropa,C
Pieles De Calidad,Monterrey,8183691918,Venta de Ropa,C
L064 Mty La Fe ,San Nicolás De Los Garza,8183692750,Venta de Ropa,C
Galfer,San Nicolás De Los Garza,8183692898,Venta de Ropa,C
Maxima Comercial,Monterrey,8183705050,Venta de Ropa,C
Nice Kids,Monterrey,8183707676,Venta de Ropa,C
Ilusion 7085 Monterrey Lincon,Monterrey,8183708422,Venta de Ropa,C
Romance Boutique,Monterrey,8183711005,Venta de Ropa,C
Modas Blanca Esthela,Monterrey,8183713165,Venta de Ropa,C
Gloss Boutique Y Accesorios,Monterrey,8183716828,Venta de Ropa,C
Blue Sky,Guadalupe,8183718825,Venta de Ropa,C
Gutierrez Mayoreo,Monterrey,8183720278,Venta de Ropa,C
Vestidos De Sabinas,Monterrey,8183720363,Venta de Ropa,C
Creaciones Y Diseños Pekes,Monterrey,8183720434,Venta de Ropa,C
Ruben S,Monterrey,8183720520,Venta de Ropa,B
Mujeres De Valor,Monterrey,8183720646,Venta de Ropa,C
Muñoz Distribuciones,Monterrey,8183721170,Venta de Ropa,C
Esmeralda Boutique,Monterrey,8183721199,Venta de Ropa,C
Comercializadora El Asturiano,Monterrey,8183721200,Venta de Ropa,B
Casa Lozano,Monterrey,8183721513,Venta de Ropa,C
Lola Dresses Beauty,San Pedro Garza García,8183721522,Venta de Ropa,C
La Argentina De Monterrey S A,Monterrey,8183721815,Venta de Ropa,C
Alvarado Vestir,Monterrey,8183721997,Venta de Ropa,C
Venta De Ropa,Monterrey,8183722400,Venta de Ropa,C
Trebols,Monterrey,8183722462,Venta de Ropa,C
Casa Broaway,Monterrey,8183722520,Venta de Ropa,C
Soccer Planett,Monterrey,8183722583,Venta de Ropa,C
Codisa Monterrey Sa De Cv,Monterrey,8183722729,Venta de Ropa,B
Camiseria Monterrey,Monterrey,8183722890,Venta de Ropa,C
La Casa Del Vaquero,Monterrey,8183723275,Venta de Ropa,C
Camiseria Mexico,Monterrey,8183723341,Venta de Ropa,B
El Buen Vestir,Monterrey,8183723723,Venta de Ropa,C
Almacenes Diana,Monterrey,8183724071,Venta de Ropa,C
Bonanza Camiseria,Monterrey,8183724155,Venta de Ropa,C
La Ballena Bonetera,Monterrey,8183724299,Venta de Ropa,B
Zapatería,Monterrey,8183725234,Venta de Ropa,C
Beauty Designers,Monterrey,8183725765,Venta de Ropa,C
Ruben S,Monterrey,8183726490,Venta de Ropa,C
Bolsas Y Mas,Monterrey,8183727529,Venta de Ropa,C
Almacenes Sanchez,Monterrey,8183727628,Venta de Ropa,C
El Nuevo Globo,Monterrey,8183727670,Venta de Ropa,C
Mayoreo Del Bebé,Monterrey,8183727846,Venta de Ropa,C
Almacenes Diana,Monterrey,8183728039,Venta de Ropa,C
"Comercio Al Por Menor De Ropa, Excepto De Bebé Y Lencería",Monterrey,8183728135,Venta de Ropa,C
Colection One,Monterrey,8183728526,Venta de Ropa,C
Mochilas Monsal,Monterrey,8183728756,Venta de Ropa,C
La Campeona,Monterrey,8183729002,Venta de Ropa,C
Tienda De Ropa Kumo,Monterrey,8183729171,Venta de Ropa,C
Maniram,Monterrey,8183729327,Venta de Ropa,C
Glisy Boutique,Monterrey,8183734107,Venta de Ropa,C
Martel Bordados,Monterrey,8183734347,Venta de Ropa,C
Campeón De Ofertas,Monterrey,8183737201,Venta de Ropa,C
Fussli,Monterrey,8183737313,Venta de Ropa,C
Artículos De Seguridad Mg,Monterrey,8183740363,Venta de Ropa,C
Romance Nupcial,Monterrey,8183740597,Venta de Ropa,C
"Comercio Al Por Menor De Ropa, Excepto De Bebé Y Lencería",Monterrey,8183740855,Venta de Ropa,C
El Globo,Monterrey,8183741551,Venta de Ropa,C
Bolsas Especiales La Central,Monterrey,8183741912,Venta de Ropa,C
Regio Cinto,Monterrey,8183742582,Venta de Ropa,C
D Flober,Monterrey,8183742857,Venta de Ropa,C
Venta De Ropay Blancos El Capricho,Monterrey,8183744353,Venta de Ropa,B
Camiseria Mexico,Monterrey,8183744396,Venta de Ropa,C
D Gala,Monterrey,8183744601,Venta de Ropa,C
"Comercio Al Por Menor De Ropa, Excepto De Bebé Y Lencería",Monterrey,8183744896,Venta de Ropa,C
Distribuidora Muñoz,Monterrey,8183745074,Venta de Ropa,C
Camiseria Mexico,Monterrey,8183745206,Venta de Ropa,B
La Nueva Victoria,Monterrey,8183746428,Venta de Ropa,B
Venta De Ropa,Monterrey,8183747239,Venta de Ropa,C
D´Vany,Monterrey,8183747975,Venta de Ropa,C
Sensacion,Monterrey,8183749427,Venta de Ropa,C
Casa Sergio,Monterrey,8183750378,Venta de Ropa,C
Venta De Otros Artículos De Uso Personal,Monterrey,8183750383,Venta de Ropa,C
Tiendas Del Norte,Monterrey,8183750404,Venta de Ropa,C
Mayoreo Iris Venta De Ropa Familiar,Monterrey,8183750594,Venta de Ropa,C
La Princesa,Monterrey,8183750676,Venta de Ropa,C
Promotora Jhgm Sa De Cv,Monterrey,8183751322,Venta de Ropa,B
Boneteria El Condor,Monterrey,8183751415,Venta de Ropa,C
Uniformes Y Equipos Industriales El Vigilante,Monterrey,8183751674,Venta de Ropa,C
El Triunfo,Monterrey,8183751971,Venta de Ropa,C
Almacenes El Ángel,Monterrey,8183752144,Venta de Ropa,C
Casa Tofik,Monterrey,8183752205,Venta de Ropa,C
El Ancla,Monterrey,8183752632,Venta de Ropa,C
Originales Treman Uniformes,Monterrey,8183753045,Venta de Ropa,C
Bodega El Asturiano,Monterrey,8183753542,Venta de Ropa,C
Tienda De Ropa,Monterrey,8183753660,Venta de Ropa,C
Fashion Mercado,Monterrey,8183753662,Venta de Ropa,B
El Triunfo,Monterrey,8183753663,Venta de Ropa,C
Mayorista De Ropa,Monterrey,8183753807,Venta de Ropa,C
Deportes Chuy Sport,Monterrey,8183754615,Venta de Ropa,C
Tienda Cantu,Monterrey,8183754780,Venta de Ropa,C
"Comercio Al Por Menor De Ropa, Excepto De Bebé Y Lencería",Monterrey,8183755060,Venta de Ropa,C
Trajes Mexico,Monterrey,8183755266,Venta de Ropa,C
Zona Western,Monterrey,8183755289,Venta de Ropa,C
Deportes Milan,Monterrey,8183755843,Venta de Ropa,C
Camiseria California,Monterrey,8183756279,Venta de Ropa,C
D Gala,Monterrey,8183756447,Venta de Ropa,C
Moda Casual,Monterrey,8183756563,Venta de Ropa,C
Mayoreo De Ropa El Sotano,Monterrey,8183757975,Venta de Ropa,C
El Faro,Monterrey,8183759268,Venta de Ropa,C
Urrutia Y Compañia,San Nicolás De Los Garza,8183765575,Venta de Ropa,C
Camila Boutique,San Nicolás De Los Garza,8183766688,Venta de Ropa,C
One Plus,San Nicolás De Los Garza,8183775657,Venta de Ropa,C
Lady Laura Boutique,San Pedro Garza García,8183780043,Venta de Ropa,C
Venta De Ropa Intima Intimissimi Calzedonia,San Pedro Garza García,8183780762,Venta de Ropa,C
Rangoli,San Pedro Garza García,8183783251,Venta de Ropa,C
Mona Mour (Venta De Ropa Al Por Mayor),San Pedro Garza García,8183783510,Venta de Ropa,C
Venta De Ropa De Dama Y Caballero Paul And Shark,San Pedro Garza García,8183784354,Venta de Ropa,C
Emporio Armani Ropa Para Caballero Y Dama,San Pedro Garza García,8183785738,Venta de Ropa,C
Accesorios Y Más,Guadalupe,8183790687,Venta de Ropa,C
Boutique Western Ranger And Charro,San Nicolás De Los Garza,8183791487,Venta de Ropa,C
Boutique Dior,Guadalupe,8183792917,Venta de Ropa,C
Innovación Boutique,San Nicolás De Los Garza,8183792992,Venta de Ropa,C
Regalos Aries,San Nicolas De Los Garza,8183795073,Venta de Ropa,C
Textil Equis,Guadalupe,8183797134,Venta de Ropa,B
Jordiliyu Boutique,San Nicolás De Los Garza,8183798060,Venta de Ropa,C
Emma Novias,Guadalupe,8183799373,Venta de Ropa,C
Hanna Fashion,Monterrey,8183802254,Venta de Ropa,C
Venta De Ropa,Monterrey,8183813485,Venta de Ropa,C
Ropa Y Novedades,Monterrey,8183815526,Venta de Ropa,C
Luna Ostil,Monterrey,8183819195,Venta de Ropa,C
Servicios Textiles,San Nicolás De Los Garza,8183822384,Venta de Ropa,C
Boutique Mujer Bonita,San Nicolás De Los Garza,8183822970,Venta de Ropa,C
Bolsos Fashion,Monterrey,8183822980,Venta de Ropa,C
"Comercio Al Por Menor De Ropa, Excepto De Bebé Y Lencería",San Nicolás De Los Garza,8183823343,Venta de Ropa,C
Venta De Ropa,San Nicolás De Los Garza,8183836401,Venta de Ropa,C
Boutique C Y P,General Escobedo,8183840434,Venta de Ropa,C
Boutique July,General Escobedo,8183841532,Venta de Ropa,C
Galfer Girls,General Escobedo,8183841993,Venta de Ropa,C
Boutique Linda Moda,General Escobedo,8183842461,Venta de Ropa,C
Diva Butique,General Escobedo,8183842516,Venta de Ropa,C
Ropa De Dama,General Escobedo,8183843741,Venta de Ropa,C
Valentinas Boutique,General Escobedo,8183845143,Venta de Ropa,C
L019 Mty Sendero Norte,General Escobedo,8183846880,Venta de Ropa,B
Venta De Ropa Nueva,General Escobedo,8183849052,Venta de Ropa,C
Boutique Kelly,Apodaca,8183851745,Venta de Ropa,C
Boutique Santa Rosa,Apodaca,8183853808,Venta de Ropa,C
Boutique Mariel,General Escobedo,8183857377,Venta de Ropa,C
Boutique Mirna,Apodaca,8183864998,Venta de Ropa,C
Boutique Armate,Monterrey,8183875687,Venta de Ropa,C
Uniformes Escolares Adry,Monterrey,8183876770,Venta de Ropa,C
"Comercio Al Por Mayor De Ropa, Bisutería Y Accesorios De Vestir",Monterrey,8183879038,Venta de Ropa,C
Grupo Arro,Santa Catarina,8183880900,Venta de Ropa,B
Boutique,Santa Catarina,8183883528,Venta de Ropa,C
Boutique Natalia,Santa Catarina,8183900536,Venta de Ropa,C
Es Casa,Santa Catarina,8183901950,Venta de Ropa,C
Ropa Y Calzado Hernandez,Monterrey,8183910544,Venta de Ropa,C
Ropa Y Calzado Imelda,Monterrey,8183910912,Venta de Ropa,C
La Guerita Boutique,Monterrey,8183913437,Venta de Ropa,C
L103 Mty Sendero Apodaca,Apodaca,8183917453,Venta de Ropa,C
Ropa Y Novedades Leo,Monterrey,8183918581,Venta de Ropa,C
Di Va,Guadalupe,8183931121,Venta de Ropa,C
Boutique,Guadalupe,8183931375,Venta de Ropa,C
Dk Jeans,Guadalupe,8183932030,Venta de Ropa,C
Tt Blues Store,Guadalupe,8183935136,Venta de Ropa,A
L035 Mty Sun Mall,Guadalupe,8183938886,Venta de Ropa,C
Miriga,Guadalupe,8183940725,Venta de Ropa,C
Regalos Y Novedades Rossy,San Nicolás De Los Garza,8183947511,Venta de Ropa,C
Fashion Ek Boutique,Guadalupe,8183947658,Venta de Ropa,C
Manhattan,General Escobedo,8183972101,Venta de Ropa,C
Casa Ortiz De Monterrey,General Escobedo,8183974617,Venta de Ropa,C
Tt Blues Store,General Escobedo,8183978701,Venta de Ropa,A
Tt Blues Store,General Escobedo,8183979424,Venta de Ropa,A
Boutique Eres,Guadalupe,8183981333,Venta de Ropa,C
Boutique,Guadalupe,8183985125,Venta de Ropa,C
La Fortuna,Monterrey,8184005408,Venta de Ropa,C
Unikos Accesorios,Monterrey,8184008685,Venta de Ropa,C
Textil Regiomontana De Playeras,Monterrey,8184018116,Venta de Ropa,C
Merci Couture,San Pedro Garza García,8184484404,Venta de Ropa,C
"Comercio Al Por Menor De Ropa, Excepto De Bebé Y Lencería",Apodaca,8184486537,Venta de Ropa,C
Magno Lie(Venta De Ropa Para Dama),San Pedro Garza García,8184503149,Venta de Ropa,C
Le Cabinet Venta De Ropa Para Dama,San Pedro Garza García,8184503184,Venta de Ropa,C
Boutique La Coqueta,Apodaca,8184531094,Venta de Ropa,C
Inna Boutique,Juárez,8184584891,Venta de Ropa,C
Tienda De Bolsas,Monterrey,8184608940,Venta de Ropa,C
Local De Ropa Ezequiel,Apodaca,8184610127,Venta de Ropa,C
Sory Bags Bolsas Y Carteras,Santa Catarina,8184721999,Venta de Ropa,C
Asfaltos,Monterrey,8184726437,Venta de Ropa,C
Little Cotton,San Pedro Garza García,8184767224,Venta de Ropa,C
Moda En Tutus,San Nicolás De Los Garza,8184771245,Venta de Ropa,C
Vendo Camisetas.Com,Monterrey,8184780386,Venta de Ropa,C
Casa Raúl,Santa Catarina,8184780967,Venta de Ropa,C
Prodam Publicidad,Monterrey,8184786813,Venta de Ropa,C
Permachef,Monterrey,8184788168,Venta de Ropa,C
Boots,Apodaca,8184794193,Venta de Ropa,C
D Gloria Boutique,Guadalupe,8184794340,Venta de Ropa,C
Venta De Ropa Para Dama,San Nicolás De Los Garza,8184795752,Venta de Ropa,C
Galfer Girls,San Nicolás De Los Garza,8184797744,Venta de Ropa,C
Carters,Monterrey,8184800100,Venta de Ropa,C
Massimo Dutti,Monterrey,8184860027,Venta de Ropa,A
Pull And Bear,Monterrey,8184860109,Venta de Ropa,A
Lacoste,Monterrey,8184860110,Venta de Ropa,C
Levi S Store,Monterrey,8184860160,Venta de Ropa,C
Jacintas Boutique,Monterrey,8184860177,Venta de Ropa,C
Scappino Monterrey Valle Oriente,Monterrey,8184860261,Venta de Ropa,C
Squalo Monterrey,Monterrey,8184860367,Venta de Ropa,C
Bershka Galerias Valle Oriente,Monterrey,8184860504,Venta de Ropa,A
Kipling,Monterrey,8184860527,Venta de Ropa,C
Totto,Monterrey,8184860556,Venta de Ropa,C
Sanrio Surprises,Monterrey,8184860558,Venta de Ropa,C
Julio Galerias Valle Oriente Monterrey,Monterrey,8184860562,Venta de Ropa,C
Venta De Ropa,Monterrey,8185632909,Venta de Ropa,C
Coffe Bistio,San Pedro Garza García,8186041516,Venta de Ropa,C
Boutique Lidia,General Escobedo,8186608580,Venta de Ropa,C
Boutique Diva,Apodaca,8186610417,Venta de Ropa,C
Boutique De Ropa Ashley,Monterrey,8186754166,Venta de Ropa,C
Botuque Glysy,Santa Catarina,8186755507,Venta de Ropa,C
Reacción,Monterrey,8186755958,Venta de Ropa,C
Lobot Vestidos De Fiesta,Monterrey,8186758409,Venta de Ropa,C
Uniformes E Impresiones Alfer,Santa Catarina,8186758459,Venta de Ropa,C
Riga,San Pedro Garza García,8186762016,Venta de Ropa,C
El Patron,Monterrey,8186762301,Venta de Ropa,C
Calceteria Monterrey,Monterrey,8186763534,Venta de Ropa,C
Barbara,Monterrey,8186764027,Venta de Ropa,C
"Venta De Ropa, Excepto De Bebe Y Lencería",Monterrey,8186766771,Venta de Ropa,C
Mambo,Guadalupe,8186795009,Venta de Ropa,C
"Comercio Al Por Menor De Ropa, Excepto De Bebé Y Lencería",Monterrey,8186884767,Venta de Ropa,C
Ropa Aracely,Ciénega De Flores,8187048674,Venta de Ropa,C
Butik Pink,Santiago,8187090222,Venta de Ropa,C
Venta De Ropa,Apodaca,8187604152,Venta de Ropa,C
D Nany,Santa Catarina,8188012516,Venta de Ropa,C
Venta De Ropa Boutique Yamileth,Pesquería,8188056869,Venta de Ropa,C
Tienda De Regalos Y Novedades,Juárez,8188614615,Venta de Ropa,C
Marabutique,Juárez,8188615650,Venta de Ropa,C
Venta De Ropa Mambo,Juárez,8188615757,Venta de Ropa,C
Vittorioforti,San Pedro Garza García,8188631944,Venta de Ropa,C
Nona Boutique,General Escobedo,8188809180,Venta de Ropa,C
Outlet,San Nicolás De Los Garza,8188809413,Venta de Ropa,C
Alejandra,Monterrey,8188818498,Venta de Ropa,C
Arte En Piel,Monterrey,8188821804,Venta de Ropa,C
Casa Guajardo,Apodaca,8188822287,Venta de Ropa,C
Boutique Mia,Santa Catarina,8188829991,Venta de Ropa,C
Representing,Apodaca,8189000128,Venta de Ropa,C
Barbara Boutique,General Escobedo,8189010547,Venta de Ropa,C
El Buen Precio,Guadalupe,8189435578,Venta de Ropa,C
Lexem Bordados,San Nicolás De Los Garza,8189891043,Venta de Ropa,C
Novedades Yola,Guadalupe,8189956373,Venta de Ropa,C
"Trading Experts Comercializadora, S.A. De C.V.",Monterrey,8191524553,Venta de Ropa,B
Bodega Uniformes,Monterrey,8196270747,Venta de Ropa,C
Seven Mens Wear,Monterrey,8196882257,Venta de Ropa,C
Salon De Fiestas Nice Kids,Monterrey,8196886245,Venta de Ropa,C
Sargy,San Nicolás De Los Garza,8196888131,Venta de Ropa,C
Tienda De Ropa Reyna,Linares,8211072990,Venta de Ropa,C
Tienda De Ropa,Iturbide,8211173222,Venta de Ropa,C
Tienda De Ropa Regalos Y Accesorios Nava Nava,Linares,8211178003,Venta de Ropa,C
Tienda De Ropa Nikkia,Galeana,8211178592,Venta de Ropa,C
Tienda De Ropa,Iturbide,8211190659,Venta de Ropa,C
Lili Boutique,Hualahuises,8211193955,Venta de Ropa,C
Novedades Emmanuel,Iturbide,8211264719,Venta de Ropa,C
Tienda De Venta De Playeras,Linares,8211414524,Venta de Ropa,C
Novedades Carla,Hualahuises,8211427866,Venta de Ropa,C
La Moda Al Dia Tienda De Ropa Y Articulos Para Dama,Linares,8212020657,Venta de Ropa,C
Novedades Emmanuel,Iturbide,8212113727,Venta de Ropa,C
Miami Mami,Linares,8212120776,Venta de Ropa,C
Aqui Tienda Lety,Linares,8212121120,Venta de Ropa,C
Tienda De Ropa Y Accesorios Valiss,Linares,8212121312,Venta de Ropa,C
Escape Jeans,Linares,8212123158,Venta de Ropa,C
Boutique Elva Nelly,Linares,8212123745,Venta de Ropa,C
Boutique Mitozz,Linares,8212123806,Venta de Ropa,C
Boutique Creaciones,Linares,8212124485,Venta de Ropa,C
Tienda De Ropa Mundo Joven,Linares,8212125119,Venta de Ropa,C
Boutique Yen Y Bren,Linares,8212125186,Venta de Ropa,C
Tienda De Bolsas New,Linares,8212125210,Venta de Ropa,C
Chic Boutique,Linares,8212126080,Venta de Ropa,C
Kira Boutique,Linares,8212126495,Venta de Ropa,C
Tienda De Ropa,Linares,8212126840,Venta de Ropa,C
Ropa Y Novedades Sofias,Hualahuises,8212142729,Venta de Ropa,C
New York Boutique,Linares,8212143062,Venta de Ropa,C
Chatre Boutique,Linares,8212143830,Venta de Ropa,C
Ropa Y Novedades,Hualahuises,8212180029,Venta de Ropa,C
Quimicos Sosa,Hualahuises,8212180059,Venta de Ropa,C
Ropa Y Novedaes Sanjuism,China,8230172830,Venta de Ropa,C
Boutique Dk,General Bravo,8231023081,Venta de Ropa,C
Venta De Ropa,Los Ramones,8232310059,Venta de Ropa,C
Super 2,Los Ramones,8232310158,Venta de Ropa,C
Tienda De Ropa La Popular,China,8232320024,Venta de Ropa,C
Micelania Ochia,Los Ramones,8232320082,Venta de Ropa,C
Boutique Marina,China,8232320111,Venta de Ropa,C
Boutique Adaly,China,8232320539,Venta de Ropa,C
Novedades Y Regalos Judith,China,8232320940,Venta de Ropa,C
Deposito Hernandez,China,8232321187,Venta de Ropa,C
Casa De Regalos De Leon Cantu,General Bravo,8232340836,Venta de Ropa,C
Venta De Ropa Flow Estilo & Elegancia,Sabinas Hidalgo,8241022378,Venta de Ropa,C
Venta De Ropa Nueva,Sabinas Hidalgo,8241054698,Venta de Ropa,C
Creaciones Doraly,Monterrey,8242420224,Venta de Ropa,C
Eymis Tienda De Ropa,Sabinas Hidalgo,8242420523,Venta de Ropa,C
Casa Lupita,Sabinas Hidalgo,8242420918,Venta de Ropa,C
Moda Actual,Sabinas Hidalgo,8242421198,Venta de Ropa,C
Boutique Rapats,Sabinas Hidalgo,8242421266,Venta de Ropa,C
Magic Kids,Sabinas Hidalgo,8242421313,Venta de Ropa,C
Boutique Belinda,Sabinas Hidalgo,8242421690,Venta de Ropa,C
Fernandos Venta De Ropa Lavable,Sabinas Hidalgo,8242421777,Venta de Ropa,C
Erika Boutique,Sabinas Hidalgo,8242421992,Venta de Ropa,C
Boutique Raks,Sabinas Hidalgo,8242422067,Venta de Ropa,C
Boutique D Vanessa,Sabinas Hidalgo,8242422243,Venta de Ropa,C
Azalia Boutique,Sabinas Hidalgo,8242422901,Venta de Ropa,C
Moda Actual Estrella,Sabinas Hidalgo,8242423344,Venta de Ropa,C
Boutique Letty´S,Sabinas Hidalgo,8242424082,Venta de Ropa,C
Sopka Boutique,Sabinas Hidalgo,8242424234,Venta de Ropa,C
Tienda De Regalos Marty´S,Sabinas Hidalgo,8242424848,Venta de Ropa,C
Tienda De Ropa Rosy,Sabinas Hidalgo,8242424925,Venta de Ropa,C
Marcela´S Ropa Y Calzado,Sabinas Hidalgo,8242425502,Venta de Ropa,C
Talabartería Del Centro,Sabinas Hidalgo,8242425696,Venta de Ropa,C
Tienda De Vestidos Roca,Sabinas Hidalgo,8242426425,Venta de Ropa,C
Boutique D´ Karla,Sabinas Hidalgo,8242426851,Venta de Ropa,C
Tienda De Ropa Y Calzado Magic Kids,Sabinas Hidalgo,8242427015,Venta de Ropa,C
Ropa Y Calzado Maria Luisa,Sabinas Hidalgo,8242427856,Venta de Ropa,C
Boutique Letty,Sabinas Hidalgo,8242454888,Venta de Ropa,C
Venta De Ropa,Villaldama,8246207604,Venta de Ropa,C
Venta De Ropa Para Bebe,Ciénega De Flores,8252380023,Venta de Ropa,C
Novedades Perla,Ciénega De Flores,8252380536,Venta de Ropa,C
Boutique De Moda,Ciénega De Flores,8252380579,Venta de Ropa,C
Venta De Ropa Doña Coco,Pesquería,8252440277,Venta de Ropa,C
Farmacia La Fuente,General Zuazua,8252470180,Venta de Ropa,C
Boutique Stiletto,Allende,8261015002,Venta de Ropa,C
Inspiracion Boutique,Galeana,8261018595,Venta de Ropa,C
Novedades Mayra,Montemorelos,8261031468,Venta de Ropa,C
Ropa Novedades Y Accesorios,General Zaragoza,8261037276,Venta de Ropa,C
Ropa Americana Bazar De Ropa Nueva Y Usada,Allende,8261046983,Venta de Ropa,C
Estetica Unisex,Allende,8261082214,Venta de Ropa,C
Tienda De Ropa C&G,Allende,8261090456,Venta de Ropa,C
5Ta Avenida Venta De Bolsas Para Dama Y Accesorios,Allende,8261103072,Venta de Ropa,C
Fine Art,Allende,8261103188,Venta de Ropa,C
"Comercio Al Por Menor De Ropa, Excepto De Bebé Y Lencería",Allende,8261103540,Venta de Ropa,C
Tienda De Ropa Clau&Reny,Allende,8261103617,Venta de Ropa,C
Angelitos Fiestas Y Rodeo,Allende,8261103949,Venta de Ropa,C
Tienda De Ropa La Bodega,General Terán,8261142519,Venta de Ropa,C
Tienda De Ropa Soto,General Zaragoza,8261235083,Venta de Ropa,C
Boutique Mariana,General Terán,8261235161,Venta de Ropa,C
El Rey De Los Barateros,Galeana,8261253437,Venta de Ropa,C
El Piolin,Galeana,8261268701,Venta de Ropa,C
Venta De Ropa,General Terán,8261273498,Venta de Ropa,C
Nancy Boutique,Allende,8261432577,Venta de Ropa,C
Tienda De Ropa,Montemorelos,8261629760,Venta de Ropa,C
Novedadesyudith,General Terán,8261703353,Venta de Ropa,C
Boutique Meztly,Galeana,8262130008,Venta de Ropa,C
Casa Mendoza,Galeana,8262130039,Venta de Ropa,C
Joyería Y Boutique Milenium,Galeana,8262130294,Venta de Ropa,C
Boutique Yasmín,Galeana,8262130640,Venta de Ropa,C
"Venta De Ropa,",Galeana,8262130769,Venta de Ropa,C
Boutique,Galeana,8262130791,Venta de Ropa,C
Tienda De Ropa El Rey De Los Barateros,Galeana,8262131073,Venta de Ropa,C
Novedades Numesa,Galeana,8262131764,Venta de Ropa,C
Tienda De Ropa Villanueva,Aramberri,8262132008,Venta de Ropa,C
Novedades Fabiola,Aramberri,8262132057,Venta de Ropa,C
Casa Karen Ropa Y Calzado,Aramberri,8262132068,Venta de Ropa,C
Tienda De Ropa,Montemorelos,8262632295,Venta de Ropa,C
Ropa Y Novedades Bedolla,Montemorelos,8262632788,Venta de Ropa,C
Casa Richo,Montemorelos,8262632823,Venta de Ropa,C
Regalos Faby,Montemorelos,8262633085,Venta de Ropa,C
La Plazita,Montemorelos,8262633315,Venta de Ropa,C
Ropa Y Novedades El Amigo,Montemorelos,8262637210,Venta de Ropa,C
Baby Blue,Montemorelos,8262639197,Venta de Ropa,C
Tienda De Ropa,Allende,8262658439,Venta de Ropa,C
Casa Leal,General Terán,8262670093,Venta de Ropa,C
Tirnda Del Centro,General Terán,8262670112,Venta de Ropa,C
Novedades Yoli,General Terán,8262670359,Venta de Ropa,C
Casa Silva Leal,General Terán,8262670878,Venta de Ropa,C
Tiendita Ortiz,General Terán,8262671553,Venta de Ropa,C
Tienda De Ropa La Caseta,General Terán,8262671555,Venta de Ropa,C
Dianis Boutique,Montemorelos,8262672813,Venta de Ropa,C
Novedades Diana,General Terán,8262678022,Venta de Ropa,C
Florería Y Novedades,Allende,8262681106,Venta de Ropa,C
"Colors Venta De Ropa,Bolsas Y Accesorios",Allende,8262681663,Venta de Ropa,C
Tienda De Ropa Denisse,Allende,8262681761,Venta de Ropa,C
Boutique Rubi,Allende,8262681868,Venta de Ropa,C
Infantiles Cecy Venta De Ropa Para Beebes,Allende,8262682057,Venta de Ropa,C
Novedades Betty,Allende,8262682821,Venta de Ropa,C
Casa Enrique,Allende,8262683529,Venta de Ropa,C
Romar Venta De Ropa Para Dama,Allende,8262684806,Venta de Ropa,C
Tienda De Ropa,Allende,8262684816,Venta de Ropa,C
Adriana Moda,Allende,8262685479,Venta de Ropa,C
Tienda De Ropa,Allende,8262685494,Venta de Ropa,C
Sonia S Pricess Y Brides,Allende,8262685968,Venta de Ropa,C
Boutique Euphoria,Allende,8262687280,Venta de Ropa,C
Venta De Ropa De Dama,Cadereyta Jiménez,8281018513,Venta de Ropa,C
Vasti Mendez Boutique,Cadereyta Jiménez,8281034110,Venta de Ropa,C
Beyno,Cadereyta Jiménez,8281110300,Venta de Ropa,C
Milano T-464,Cadereyta Jimenez,8281110840,Venta de Ropa,C
Casa Galvan,Cadereyta Jiménez,8282840062,Venta de Ropa,B
Boutique Keren Duran,Cadereyta Jiménez,8282840225,Venta de Ropa,C
Regalos Adriana,Cadereyta Jiménez,8282840589,Venta de Ropa,C
Tienda De Ropa,Cadereyta Jiménez,8282840632,Venta de Ropa,C
Casa Josefina,Cadereyta Jiménez,8282840636,Venta de Ropa,C
Ofertas Isa,Cadereyta Jiménez,8282840750,Venta de Ropa,C
Boutique Ana Paola,Cadereyta Jiménez,8282841368,Venta de Ropa,C
Novedades Karla,Cadereyta Jiménez,8282842248,Venta de Ropa,C
Lupitas,Cadereyta Jiménez,8282843065,Venta de Ropa,C
Tienda De Ropa Fidencio Leal Leal,Cadereyta Jiménez,8282843514,Venta de Ropa,C
Evolution,Cadereyta Jiménez,8282844694,Venta de Ropa,C
"Comercio Al Por Menor De Ropa, Excepto De Bebé Y Lencería",Cadereyta Jiménez,8282845117,Venta de Ropa,C
Boutique Elvia,Cadereyta Jiménez,8282845209,Venta de Ropa,C
Lopez Boots,Cadereyta Jiménez,8282845587,Venta de Ropa,C
Room,Cadereyta Jiménez,8282847463,Venta de Ropa,C
Ilusion (7245 Cadereyta),Cadereyta Jimenez,8282847630,Venta de Ropa,C
Ropa Y Novedades Johanna,Cadereyta Jiménez,8282849255,Venta de Ropa,C
Ropa,Cadereyta Jiménez,8282942865,Venta de Ropa,C
Dinas Ropa Y Mas,Cadereyta Jiménez,8284571706,Venta de Ropa,C
Mon Butique,Cadereyta Jiménez,8284575253,Venta de Ropa,C
Ropa Y Novedades Juany,Cadereyta Jiménez,8284578994,Venta de Ropa,C
Traviesos Botuique,Cadereyta Jiménez,8286881988,Venta de Ropa,C
Lolipop Tienda De Regalos,Cadereyta Jiménez,8287325899,Venta de Ropa,C
Boutique Yessika,Villaldama,8291011148,Venta de Ropa,C
Venta De Ropa,Bustamante,8291013828,Venta de Ropa,C
Boutique Yessy,Villaldama,8292450256,Venta de Ropa,C
Boutique Blanca,Bustamante,8292460709,Venta de Ropa,C
Ropa Calzado Y Novedades Patty,Hidalgo,8292860573,Venta de Ropa,C
Novedades Paquita,Hidalgo,8292860659,Venta de Ropa,C
Mi Fortuna,Hidalgo,8292860691,Venta de Ropa,C
Viloz Western,Hidalgo,8292861033,Venta de Ropa,C
Puesto De Artesanias De Bisuteria Y Ropa,General Escobedo,8441614180,Venta de Ropa,C
Tienda De Ropa Candy Estar,Galeana,8442392248,Venta de Ropa,C
Tienda De Ropa Para Caballero,Apodaca,8681970028,Venta de Ropa,C
Miselanea Alehtse,Anáhuac,8731000009,Venta de Ropa,C
Boutique Lampazos Mol,Lampazos De Naranjo,8731001057,Venta de Ropa,C
"Mundo De Los Niños Venta De Ropa Y Accesorios Para Niños, Niñas Y Dama",Anáhuac,8731020274,Venta de Ropa,C
Papeleria Y Novedades Anahuac,Anáhuac,8737370350,Venta de Ropa,C
Tienda De Ropa Ilianas Boutique,Anáhuac,8737370626,Venta de Ropa,C
Boutique Engracia,Anáhuac,8737370660,Venta de Ropa,C
Novedades Zulamita,Anáhuac,8737370946,Venta de Ropa,C
Silvias Boutique,Anáhuac,8737371131,Venta de Ropa,C
Novedades Vicky,Anáhuac,8737371176,Venta de Ropa,C
Venta De Ropa Y Calzado Juany,Lampazos De Naranjo,8737380471,Venta de Ropa,C
Tienda De Ropa Y Novedades Sofi,Lampazos De Naranjo,8737380648,Venta de Ropa,C
Victorias Boutique,Lampazos De Naranjo,8737380985,Venta de Ropa,C
Venta De Ropa Y Calzado Boutique Gloria,Lampazos De Naranjo,8737470320,Venta de Ropa,C
Novedades Dany,García,8811265013,Venta de Ropa,C
Kipling Tienda De Bolsas Y Maletas,San Pedro Garza García,8818335659,Venta de Ropa,C
Boutique Yes Tienda De Ropa,Linares,8821217810,Venta de Ropa,C
Fashion Zone,Guadalupe,8919570030,Venta de Ropa,C
Venta De Ropa Articulos De Regalos Casa Sara Alicia,Cerralvo,8929750154,Venta de Ropa,C
Ladys Boutique,Cerralvo,8929751590,Venta de Ropa,C
Novedades Ángela,Agualeguas,8929910808,Venta de Ropa,C
